Word	POS	Level
a	determiner	a1
abandon	verb	b2
ability	noun	a2
able	adjective	a2
abolish	verb	c1
abortion	noun	c1
about	preposition	a1
about	adverb	a1
above	preposition	a1
above	adverb	a1
abroad	adverb	a2
absence	noun	c1
absent	adjective	c1
absolute	adjective	b2
absolutely	adverb	b1
absorb	verb	b2
abstract	adjective	b2
absurd	adjective	c1
abundance	noun	c1
abuse	noun	c1
abuse	verb	c1
academic	adjective	b1
academic	noun	b2
academy	noun	c1
accelerate	verb	c1
accent	noun	b2
accept	verb	a2
acceptable	adjective	b2
acceptance	noun	c1
access	noun	b1
access	verb	b1
accessible	adjective	c1
accident	noun	a2
accidentally	adverb	b2
accommodate	verb	b2
accommodation	noun	b1
accompany	verb	b2
accomplish	verb	b2
accomplishment	noun	c1
accordance	noun	c1
according to	preposition	a2
accordingly	adverb	c1
account	noun	b1
account	verb	b2
accountability	noun	c1
accountable	adjective	c1
accountant	noun	b2
accounting	noun	b2
accumulate	verb	c1
accumulation	noun	c1
accuracy	noun	b2
accurate	adjective	b2
accurately	adverb	b2
accusation	noun	c1
accuse	verb	b2
accused	noun	c1
achieve	verb	a2
achievement	noun	b1
acid	adjective	c1
acid	noun	b2
acknowledge	verb	b2
acquire	verb	b2
acquisition	noun	c1
acre	noun	c1
across	preposition	a1
across	adverb	a1
act	noun	b1
act	verb	a2
action	noun	a1
activate	verb	b2
activation	noun	c1
active	adjective	a2
activist	noun	c1
activity	noun	a1
actor	noun	a1
actress	noun	a1
actual	adjective	b2
actually	adverb	a2
acute	adjective	c1
ad	noun	b1
adapt	verb	b2
adaptation	noun	c1
add	verb	a1
addiction	noun	b2
addition	noun	b1
additional	adjective	b2
additionally	adverb	b2
address	noun	a1
address	verb	b2
adequate	adjective	b2
adequately	adverb	b2
adhere	verb	c1
adjacent	adjective	c1
adjust	verb	b2
adjustment	noun	c1
administer	verb	c1
administration	noun	b2
administrative	adjective	c1
administrator	noun	c1
admire	verb	b1
admission	noun	c1
admit	verb	b1
adolescent	noun	c1
adopt	verb	b2
adoption	noun	c1
adult	adjective	a2
adult	noun	a1
advance	adjective	b2
advance	noun	b2
advance	verb	b2
advanced	adjective	b1
advantage	noun	a2
adventure	noun	a2
adverse	adjective	c1
advertise	verb	a2
advertisement	noun	a2
advertising	noun	a2
advice	noun	a1
advise	verb	b1
advocate	noun	c1
advocate	verb	c1
aesthetic	adjective	c1
affair	noun	b2
affect	verb	a2
affection	noun	c1
afford	verb	b1
affordable	adjective	b2
afraid	adjective	a1
after	conjunction	a2
after	preposition	a1
after	adverb	a2
aftermath	noun	c1
afternoon	noun	a1
afterwards	adverb	b2
again	adverb	a1
against	preposition	a2
age	noun	a1
age	verb	b1
aged	adjective	b1
agency	noun	b2
agenda	noun	b2
agent	noun	b1
aggression	noun	c1
aggressive	adjective	b2
ago	adverb	a1
agree	verb	a1
agreement	noun	b1
agricultural	adjective	c1
agriculture	noun	b2
ah	exclamation	a2
ahead	adverb	b1
aid	noun	b2
aid	verb	b2
aide	noun	c1
AIDS	noun	b2
aim	noun	b1
aim	verb	b1
air	noun	a1
aircraft	noun	b2
airline	noun	a2
airport	noun	a1
alarm	noun	b1
alarm	verb	b2
albeit	conjunction	c1
album	noun	b1
alcohol	noun	b1
alcoholic	adjective	b1
alert	adjective	c1
alert	noun	c1
alert	verb	c1
alien	adjective	c1
alien	noun	b2
align	verb	c1
alignment	noun	c1
alike	adjective	c1
alike	adverb	c1
alive	adjective	a2
all	determiner	a1
all	pronoun	a1
all	adverb	a2
all right	adjective	a2
all right	adverb	a2
all right	exclamation	a2
allegation	noun	c1
allege	verb	c1
allegedly	adverb	c1
alliance	noun	c1
allocate	verb	c1
allocation	noun	c1
allow	verb	a2
allowance	noun	c1
ally	noun	c1
almost	adverb	a2
alone	adjective	a2
alone	adverb	a2
along	preposition	a2
along	adverb	a2
alongside	preposition	b2
already	adverb	a2
also	adverb	a1
alter	verb	b2
alternative	adjective	b1
alternative	noun	a2
although	conjunction	a2
altogether	adverb	b2
aluminium	noun	c1
always	adverb	a1
amateur	adjective	c1
amateur	noun	c1
amazed	adjective	b1
amazing	adjective	a1
ambassador	noun	c1
ambition	noun	b1
ambitious	adjective	b1
ambulance	noun	b2
amend	verb	c1
amendment	noun	c1
amid	preposition	c1
among	preposition	a2
amount	noun	a2
amount	verb	b2
amusing	adjective	b2
analogy	noun	c1
analyse	verb	b1
analysis	noun	b1
analyst	noun	b2
ancestor	noun	b2
anchor	noun	c1
ancient	adjective	a2
and	conjunction	a1
angel	noun	c1
anger	noun	b2
angle	noun	b2
angrily	adverb	a2
angry	adjective	a1
animal	noun	a1
animation	noun	b2
ankle	noun	a2
anniversary	noun	b2
announce	verb	b1
announcement	noun	b1
annoy	verb	b1
annoyed	adjective	b1
annoying	adjective	b1
annual	adjective	b2
annually	adverb	b2
anonymous	adjective	c1
another	determiner	a1
another	pronoun	a1
answer	noun	a1
answer	verb	a1
anticipate	verb	b2
anxiety	noun	b2
anxious	adjective	b2
any	determiner	a1
any	pronoun	a1
any	adverb	a2
any more	adverb	a2
anybody	pronoun	a2
anyone	pronoun	a1
anything	pronoun	a1
anyway	adverb	a2
anywhere	pronoun	a2
anywhere	adverb	a2
apart	adverb	b1
apartment	noun	a1
apologize	verb	b1
apology	noun	b2
app	noun	a2
apparatus	noun	c1
apparent	adjective	b2
apparently	adverb	b2
appeal	noun	b2
appeal	verb	b2
appealing	adjective	c1
appear	verb	a2
appearance	noun	a2
appetite	noun	c1
applaud	verb	c1
apple	noun	a1
applicable	adjective	c1
applicant	noun	b2
application	noun	b1
apply	verb	a2
appoint	verb	c1
appointment	noun	b1
appreciate	verb	b1
appreciation	noun	c1
approach	noun	b2
approach	verb	b2
appropriate	adjective	b2
appropriately	adverb	b2
approval	noun	b2
approve	verb	b2
approximately	adverb	b1
April	noun	a1
arbitrary	adjective	c1
architect	noun	a2
architectural	adjective	c1
architecture	noun	a2
archive	noun	c1
area	noun	a1
arena	noun	c1
arguably	adverb	c1
argue	verb	a2
argument	noun	a2
arise	verb	b2
arm	noun	a1
arm	verb	c1
armed	adjective	b2
arms	noun	b2
army	noun	a2
around	preposition	a1
around	adverb	a1
arrange	verb	a2
arrangement	noun	a2
array	noun	c1
arrest	noun	b1
arrest	verb	b1
arrival	noun	b1
arrive	verb	a1
arrow	noun	b2
art	noun	a1
article	noun	a1
articulate	verb	c1
artificial	adjective	b2
artist	noun	a1
artistic	adjective	b2
artwork	noun	b2
as	conjunction	a2
as	preposition	a1
as	adverb	a2
ash	noun	c1
ashamed	adjective	b2
aside	adverb	b2
ask	verb	a1
asleep	adjective	a2
aspect	noun	b2
aspiration	noun	c1
aspire	verb	c1
assassination	noun	c1
assault	noun	c1
assault	verb	c1
assemble	verb	c1
assembly	noun	c1
assert	verb	c1
assertion	noun	c1
assess	verb	b2
assessment	noun	b2
asset	noun	b2
assign	verb	b2
assignment	noun	b1
assist	verb	b1
assistance	noun	b2
assistant	noun	a2
assistant	adjective	a2
associate	verb	b2
associated	adjective	b2
association	noun	b2
assume	verb	b2
assumption	noun	b2
assurance	noun	c1
assure	verb	b2
astonishing	adjective	b2
asylum	noun	c1
at	preposition	a1
athlete	noun	a2
atmosphere	noun	b1
atrocity	noun	c1
attach	verb	b1
attachment	noun	b2
attack	noun	a2
attack	verb	a2
attain	verb	c1
attempt	noun	b2
attempt	verb	b2
attend	verb	a2
attendance	noun	c1
attention	noun	a2
attention	exclamation	a2
attitude	noun	b1
attorney	noun	c1
attract	verb	b1
attraction	noun	b1
attractive	adjective	a2
attribute	noun	c1
attribute	verb	c1
auction	noun	b2
audience	noun	a2
audio	adjective	b2
audit	noun	c1
August	noun	a1
aunt	noun	a1
authentic	adjective	c1
author	noun	a2
authority	noun	b1
authorize	verb	c1
auto	noun	c1
automatic	adjective	b2
automatically	adverb	b2
autonomy	noun	c1
autumn	noun	a1
availability	noun	c1
available	adjective	a2
average	adjective	a2
average	noun	a2
average	verb	b1
avoid	verb	a2
await	verb	c1
award	noun	a2
award	verb	b1
aware	adjective	b1
awareness	noun	b2
away	adverb	a1
awful	adjective	a2
awkward	adjective	b2
baby	noun	a1
back	adjective	a2
back	noun	a1
back	adverb	a1
back	verb	b2
backdrop	noun	c1
background	noun	a2
backing	noun	c1
backup	noun	c1
backwards	adverb	b1
bacteria	noun	b2
bad	adjective	a1
badge	noun	b2
badly	adverb	a2
bag	noun	a1
bail	noun	c1
bake	verb	b1
balance	noun	b1
balance	verb	b1
balanced	adjective	b2
ball	noun	a1
ballet	noun	b2
balloon	noun	b2
ballot	noun	c1
ban	noun	b1
ban	verb	b1
banana	noun	a1
band	noun	a1
bank	noun	a1
banner	noun	c1
bar	noun	a2
bar	verb	b2
bare	adjective	c1
barely	adverb	b2
bargain	noun	b2
barrel	noun	c1
barrier	noun	b2
base	noun	b1
base	verb	b1
baseball	noun	a2
based	adjective	a2
basement	noun	b2
basic	adjective	b1
basically	adverb	b2
basis	noun	b1
basket	noun	b2
basketball	noun	a2
bass	noun	c1
bat	noun	b2
bat	verb	c1
bath	noun	a1
bathroom	noun	a1
battery	noun	b1
battle	noun	b1
battle	verb	b2
battlefield	noun	c1
bay	noun	c1
be	verb	a1
be	auxiliary verb	a1
beach	noun	a1
beam	noun	c1
bean	noun	a2
bear	noun	a2
bear	verb	b2
beast	noun	c1
beat	noun	b2
beat	verb	a2
beautiful	adjective	a1
beauty	noun	b1
because	conjunction	a1
become	verb	a1
bed	noun	a1
bedroom	noun	a1
bee	noun	b1
beef	noun	a2
beer	noun	a1
before	conjunction	a2
before	preposition	a1
before	adverb	a2
beg	verb	b2
begin	verb	a1
beginning	noun	a1
behalf	noun	c1
behave	verb	a2
behaviour	noun	a2
behind	preposition	a1
behind	adverb	a1
being	noun	b2
belief	noun	b1
believe	verb	a1
bell	noun	b1
belong	verb	a2
beloved	adjective	c1
below	preposition	a1
below	adverb	a1
belt	noun	a2
bench	noun	c1
benchmark	noun	c1
bend	noun	b1
bend	verb	b1
beneath	preposition	c1
beneficial	adjective	b2
beneficiary	noun	c1
benefit	noun	a2
benefit	verb	b1
bent	adjective	b2
beside	preposition	b2
besides	preposition	b2
besides	adverb	b2
best	adjective	a1
best	noun	a2
best	adverb	a2
bet	noun	b2
bet	verb	b2
betray	verb	c1
better	adjective	a1
better	noun	b1
better	adverb	a2
between	preposition	a1
between	adverb	a2
beyond	preposition	b2
beyond	adverb	b2
bias	noun	b2
bicycle	noun	a1
bid	noun	b2
bid	verb	b2
big	adjective	a1
bike	noun	a1
bill	noun	a1
bill	verb	b2
billion	number	a2
bin	noun	a2
bind	verb	c1
biography	noun	c1
biological	adjective	b2
biology	noun	a2
bird	noun	a1
birth	noun	a2
birthday	noun	a1
biscuit	noun	a2
bishop	noun	c1
bit	noun	a2
bite	noun	b1
bite	verb	b1
bitter	adjective	b2
bizarre	adjective	c1
black	adjective	a1
black	noun	a1
blade	noun	c1
blame	noun	b2
blame	verb	b2
blank	adjective	a2
blank	noun	a2
blanket	noun	b2
blast	noun	c1
blast	verb	c1
bleed	verb	c1
blend	verb	c1
bless	verb	c1
blessing	noun	c1
blind	adjective	b2
block	noun	b1
block	verb	b1
blog	noun	a1
blonde	adjective	a1
blood	noun	a2
blow	noun	b2
blow	verb	a2
blue	adjective	a1
blue	noun	a1
board	noun	a2
board	verb	b1
boast	verb	c1
boat	noun	a1
body	noun	a1
boil	verb	a2
bold	adjective	b2
bomb	noun	b1
bomb	verb	b1
bombing	noun	b2
bond	noun	b2
bone	noun	a2
bonus	noun	c1
book	noun	a1
book	verb	a2
booking	noun	b2
boom	noun	c1
boost	noun	b2
boost	verb	b2
boot	noun	a1
border	noun	b1
border	verb	b2
bored	adjective	a1
boring	adjective	a1
born	verb	a1
borrow	verb	a2
boss	noun	a2
both	determiner	a1
both	pronoun	a1
bother	verb	b1
bottle	noun	a1
bottom	adjective	a2
bottom	noun	a2
bounce	verb	c1
bound	adjective	b2
boundary	noun	c1
bow	noun	c1
bow	verb	c1
bowl	noun	a2
box	noun	a1
boy	noun	a1
boyfriend	noun	a1
brain	noun	a2
branch	noun	b1
brand	noun	b1
brand	verb	b1
brave	adjective	b1
breach	noun	c1
breach	verb	c1
bread	noun	a1
break	noun	a1
break	verb	a1
breakdown	noun	c1
breakfast	noun	a1
breakthrough	noun	c1
breast	noun	b2
breath	noun	b1
breathe	verb	b1
breathing	noun	b1
breed	noun	c1
breed	verb	c1
brick	noun	b2
bride	noun	b1
bridge	noun	a2
brief	adjective	b2
briefly	adverb	b2
bright	adjective	a2
brilliant	adjective	a2
bring	verb	a1
broad	adjective	b2
broadband	noun	c1
broadcast	noun	b2
broadcast	verb	b2
broadcaster	noun	b2
broadly	adverb	b2
broken	adjective	a2
brother	noun	a1
brown	adjective	a1
brown	noun	a1
browser	noun	c1
brush	noun	a2
brush	verb	a2
brutal	adjective	c1
bubble	noun	b1
buck	noun	c1
buddy	noun	c1
budget	noun	b2
buffer	noun	c1
bug	noun	b2
build	verb	a1
building	noun	a1
bulk	noun	c1
bullet	noun	b2
bunch	noun	b2
burden	noun	c1
bureaucracy	noun	c1
burial	noun	c1
burn	noun	b2
burn	verb	a2
burst	verb	c1
bury	verb	b1
bus	noun	a1
bush	noun	b2
business	noun	a1
businessman	noun	a2
busy	adjective	a1
but	conjunction	a1
but	preposition	b2
butter	noun	a1
button	noun	a2
buy	verb	a1
by	preposition	a1
by	adverb	b1
bye	exclamation	a1
cabin	noun	b2
cabinet	noun	c1
cable	noun	b2
cafe	noun	a1
cake	noun	a1
calculate	verb	b2
calculation	noun	c1
call	noun	a1
call	verb	a1
calm	adjective	b1
calm	noun	b1
calm	verb	b1
camera	noun	a1
camp	noun	a2
camp	verb	a2
campaign	noun	b1
campaign	verb	b1
camping	noun	a2
campus	noun	b1
can	modal verb	a1
can	noun	a2
canal	noun	b2
cancel	verb	b2
cancer	noun	b2
candidate	noun	b1
candle	noun	b2
cannot	verb	a1
canvas	noun	c1
cap	noun	b1
capability	noun	c1
capable	adjective	b2
capacity	noun	b2
capital	adjective	a1
capital	noun	a1
capitalism	noun	c1
capitalist	adjective	c1
captain	noun	b1
capture	noun	b2
capture	verb	b2
car	noun	a1
carbon	noun	b2
card	noun	a1
care	noun	a2
care	verb	a2
career	noun	a1
careful	adjective	a2
carefully	adverb	a2
careless	adjective	b1
cargo	noun	c1
carpet	noun	a2
carriage	noun	c1
carrot	noun	a1
carry	verb	a1
cartoon	noun	a2
carve	verb	c1
case	noun	a2
cash	noun	a2
casino	noun	c1
cast	noun	b2
cast	verb	b2
castle	noun	a2
casual	adjective	b2
casualty	noun	c1
cat	noun	a1
catalogue	noun	c1
catch	noun	b2
catch	verb	a2
category	noun	b1
cater	verb	c1
cattle	noun	c1
cause	noun	a2
cause	verb	a2
caution	noun	c1
cautious	adjective	c1
cave	noun	b2
CD	noun	a1
cease	verb	c1
ceiling	noun	b1
celebrate	verb	a2
celebration	noun	b1
celebrity	noun	a2
cell	noun	b2
cemetery	noun	c1
cent	noun	a1
central	adjective	b1
centre	noun	a1
centre	verb	b1
century	noun	a1
ceremony	noun	b1
certain	adjective	a2
certainly	adverb	a2
certainty	noun	b2
certificate	noun	b2
chain	noun	b1
chain	verb	b2
chair	noun	a1
chair	verb	b2
chairman	noun	b2
challenge	noun	b1
challenge	verb	b2
challenging	adjective	b2
chamber	noun	c1
champion	noun	b1
championship	noun	b2
chance	noun	a2
change	noun	a1
change	verb	a1
channel	noun	b1
chaos	noun	c1
chapter	noun	b1
character	noun	a2
characteristic	adjective	b2
characteristic	noun	b2
characterize	verb	c1
charge	noun	b1
charge	verb	b1
charity	noun	a2
charm	noun	c1
charming	adjective	b2
chart	noun	a1
chart	verb	b2
charter	noun	c1
chase	noun	b2
chase	verb	b2
chat	noun	a2
chat	verb	a2
cheap	adjective	a1
cheap	adverb	b1
cheat	noun	b1
cheat	verb	b1
check	noun	a2
check	verb	a1
cheek	noun	b2
cheer	noun	b2
cheer	verb	b2
cheerful	adjective	b1
cheese	noun	a1
chef	noun	a2
chemical	adjective	b1
chemical	noun	b1
chemistry	noun	a2
chest	noun	b1
chicken	noun	a1
chief	adjective	b2
chief	noun	b2
child	noun	a1
childhood	noun	b1
chip	noun	a2
chocolate	noun	a1
choice	noun	a2
choir	noun	b2
choose	verb	a1
chop	verb	b2
chronic	adjective	c1
chunk	noun	c1
church	noun	a2
cigarette	noun	a2
cinema	noun	a1
circle	noun	a2
circle	verb	a2
circuit	noun	b2
circulate	verb	c1
circulation	noun	c1
circumstance	noun	b2
cite	verb	b2
citizen	noun	b2
citizenship	noun	c1
city	noun	a1
civic	adjective	c1
civil	adjective	b2
civilian	adjective	c1
civilian	noun	c1
civilization	noun	b2
claim	noun	b1
claim	verb	b1
clarify	verb	b2
clarity	noun	c1
clash	noun	c1
class	noun	a1
classic	adjective	b2
classic	noun	b2
classical	adjective	a2
classification	noun	c1
classify	verb	b2
classroom	noun	a1
clause	noun	b1
clean	adjective	a1
clean	verb	a1
cleaning	noun	b2
clear	adjective	a2
clear	verb	b1
clearly	adverb	a2
clerk	noun	b2
clever	adjective	a2
click	noun	b1
click	verb	b1
client	noun	b1
cliff	noun	b2
climate	noun	a2
climb	noun	b1
climb	verb	a1
cling	verb	c1
clinic	noun	b2
clinical	adjective	c1
clip	noun	b2
clock	noun	a1
close	adjective	a2
close	noun	b2
close	adverb	b1
close	verb	a1
closed	adjective	a2
closely	adverb	b2
closure	noun	c1
cloth	noun	b1
clothes	noun	a1
clothing	noun	a2
cloud	noun	a2
club	noun	a1
clue	noun	b1
cluster	noun	c1
coach	noun	a2
coach	verb	b1
coal	noun	b1
coalition	noun	c1
coast	noun	a2
coastal	adjective	c1
coat	noun	a1
cocktail	noun	c1
code	noun	a2
coffee	noun	a1
cognitive	adjective	c1
coin	noun	b1
coincide	verb	c1
coincidence	noun	b2
cold	adjective	a1
cold	noun	a1
collaborate	verb	c1
collaboration	noun	c1
collapse	noun	b2
collapse	verb	b2
colleague	noun	a2
collect	verb	a2
collection	noun	b1
collective	adjective	c1
collector	noun	b2
college	noun	a1
collision	noun	c1
colonial	adjective	c1
colony	noun	b2
colour	noun	a1
coloured	adjective	b1
colourful	adjective	b2
column	noun	a2
columnist	noun	c1
combat	noun	c1
combat	verb	c1
combination	noun	b2
combine	verb	b1
come	verb	a1
comedy	noun	a2
comfort	noun	b2
comfort	verb	b2
comfortable	adjective	a2
comic	adjective	b2
comic	noun	b2
command	noun	b2
command	verb	b2
commander	noun	b2
commence	verb	c1
comment	noun	a2
comment	verb	b1
commentary	noun	c1
commentator	noun	c1
commerce	noun	c1
commercial	adjective	b1
commercial	noun	b1
commission	noun	b2
commission	verb	b2
commissioner	noun	c1
commit	verb	b1
commitment	noun	b2
committee	noun	b2
commodity	noun	c1
common	adjective	a1
commonly	adverb	b2
communicate	verb	a2
communication	noun	b1
communist	adjective	c1
community	noun	a2
companion	noun	c1
company	noun	a1
comparable	adjective	c1
comparative	adjective	b2
compare	verb	a1
comparison	noun	b1
compassion	noun	c1
compel	verb	c1
compelling	adjective	c1
compensate	verb	c1
compensation	noun	c1
compete	verb	a2
competence	noun	c1
competent	adjective	c1
competition	noun	a2
competitive	adjective	b1
competitor	noun	b1
compile	verb	c1
complain	verb	a2
complaint	noun	b1
complement	verb	c1
complete	adjective	a1
complete	verb	a1
completely	adverb	a2
completion	noun	b2
complex	adjective	b1
complex	noun	b2
complexity	noun	c1
compliance	noun	c1
complicated	adjective	b2
complication	noun	c1
comply	verb	c1
component	noun	b2
compose	verb	b2
composer	noun	b2
composition	noun	c1
compound	noun	b2
comprehensive	adjective	b2
comprise	verb	b2
compromise	noun	c1
compromise	verb	c1
compulsory	adjective	b2
compute	verb	c1
computer	noun	a1
conceal	verb	c1
concede	verb	c1
conceive	verb	c1
concentrate	verb	b1
concentration	noun	b2
concept	noun	b2
conception	noun	c1
concern	noun	b2
concern	verb	b2
concerned	adjective	b2
concert	noun	a1
concession	noun	c1
conclude	verb	b1
conclusion	noun	b1
concrete	adjective	b2
concrete	noun	b2
condemn	verb	c1
condition	noun	a2
conduct	noun	b2
conduct	verb	b2
confer	verb	c1
conference	noun	a2
confess	verb	b2
confession	noun	c1
confidence	noun	b2
confident	adjective	b1
configuration	noun	c1
confine	verb	c1
confirm	verb	b1
confirmation	noun	c1
conflict	noun	b2
conflict	verb	b2
confront	verb	c1
confrontation	noun	c1
confuse	verb	b1
confused	adjective	b1
confusing	adjective	b2
confusion	noun	b2
congratulate	verb	c1
congregation	noun	c1
congressional	adjective	c1
connect	verb	a2
connected	adjective	a2
connection	noun	b1
conquer	verb	c1
conscience	noun	c1
conscious	adjective	b2
consciousness	noun	c1
consecutive	adjective	c1
consensus	noun	c1
consent	noun	c1
consequence	noun	b1
consequently	adverb	b2
conservation	noun	b2
conservative	adjective	b2
conservative	noun	b2
conserve	verb	c1
consider	verb	a2
considerable	adjective	b2
considerably	adverb	b2
consideration	noun	b2
consist	verb	b1
consistency	noun	c1
consistent	adjective	b2
consistently	adverb	b2
consolidate	verb	c1
conspiracy	noun	b2
constant	adjective	b2
constantly	adverb	b2
constituency	noun	c1
constitute	verb	c1
constitution	noun	c1
constitutional	adjective	c1
constraint	noun	c1
construct	verb	b2
construction	noun	b2
consult	verb	b2
consultant	noun	b2
consultation	noun	c1
consume	verb	b1
consumer	noun	b1
consumption	noun	b2
contact	noun	b1
contact	verb	b1
contain	verb	a2
container	noun	b1
contemplate	verb	c1
contemporary	adjective	b2
contempt	noun	c1
contend	verb	c1
contender	noun	c1
content	adjective	c1
content	noun	b1
contention	noun	c1
contest	noun	b2
contest	verb	b2
context	noun	a2
continent	noun	a2
continually	adverb	c1
continue	verb	a2
continuous	adjective	b1
contract	noun	b2
contract	verb	b2
contractor	noun	c1
contradiction	noun	c1
contrary	adjective	c1
contrary	noun	c1
contrast	noun	b1
contrast	verb	b1
contribute	verb	b2
contribution	noun	b2
contributor	noun	c1
control	noun	a2
control	verb	a2
controversial	adjective	b2
controversy	noun	b2
convenience	noun	b2
convenient	adjective	b1
convention	noun	b2
conventional	adjective	b2
conversation	noun	a1
conversion	noun	c1
convert	verb	b2
convey	verb	b2
convict	verb	c1
conviction	noun	c1
convince	verb	b1
convinced	adjective	b2
convincing	adjective	b2
cook	noun	a2
cook	verb	a1
cooker	noun	a2
cooking	noun	a1
cool	adjective	a1
cool	verb	b1
cooperate	verb	c1
cooperative	adjective	c1
coordinate	verb	c1
coordination	noun	c1
coordinator	noun	c1
cop	noun	c1
cope	verb	b2
copper	noun	c1
copy	noun	a2
copy	verb	a2
copyright	noun	c1
core	noun	b2
core	adjective	b2
corner	noun	a2
corporate	adjective	b2
corporation	noun	b2
correct	adjective	a1
correct	verb	a1
correction	noun	c1
correctly	adverb	a2
correlate	verb	c1
correlation	noun	c1
correspond	verb	c1
correspondence	noun	c1
correspondent	noun	c1
corresponding	adjective	c1
corridor	noun	b2
corrupt	adjective	c1
corruption	noun	c1
cost	noun	a1
cost	verb	a1
costly	adjective	c1
costume	noun	b1
cottage	noun	b1
cotton	noun	b1
could	modal verb	a1
council	noun	b2
councillor	noun	c1
counselling	noun	c1
counsellor	noun	c1
count	noun	b1
count	verb	a2
counter	noun	b2
counter	verb	c1
counterpart	noun	c1
countless	adjective	c1
country	noun	a1
countryside	noun	b1
county	noun	b2
coup	noun	c1
couple	noun	a2
courage	noun	b2
course	noun	a1
court	noun	b1
courtesy	noun	c1
cousin	noun	a1
cover	noun	b1
cover	verb	a2
coverage	noun	b2
covered	adjective	b1
cow	noun	a1
crack	noun	b2
crack	verb	b2
craft	noun	b2
craft	verb	c1
crash	noun	b2
crash	verb	b2
crawl	verb	c1
crazy	adjective	a2
cream	noun	a1
cream	adjective	b1
create	verb	a1
creation	noun	b2
creative	adjective	a2
creativity	noun	b2
creator	noun	c1
creature	noun	b2
credibility	noun	c1
credible	adjective	c1
credit	noun	a2
credit	verb	b2
creep	verb	c1
crew	noun	b2
crime	noun	a2
criminal	adjective	b1
criminal	noun	a2
crisis	noun	b2
criterion	noun	b2
critic	noun	b2
critical	adjective	b2
critically	adverb	b2
criticism	noun	b2
criticize	verb	b2
critique	noun	c1
crop	noun	b2
cross	noun	a2
cross	verb	a2
crowd	noun	a2
crowded	adjective	a2
crown	noun	c1
crucial	adjective	b2
crude	adjective	c1
cruel	adjective	b1
cruise	noun	b2
crush	verb	c1
cry	noun	b2
cry	verb	a2
crystal	noun	c1
cue	noun	b2
cult	noun	c1
cult	adjective	c1
cultivate	verb	c1
cultural	adjective	b1
culture	noun	a1
cup	noun	a1
cupboard	noun	a2
cure	noun	b2
cure	verb	b2
curiosity	noun	c1
curious	adjective	b2
curly	adjective	a2
currency	noun	b1
current	adjective	b1
current	noun	b2
currently	adverb	b1
curriculum	noun	b2
curtain	noun	b1
curve	noun	b2
curve	verb	b2
curved	adjective	b2
custody	noun	c1
custom	noun	b1
customer	noun	a1
cut	noun	b1
cut	verb	a1
cute	adjective	b2
cutting	noun	c1
cycle	noun	a2
cycle	verb	a2
cynical	adjective	c1
dad	noun	a1
daily	adjective	a2
daily	adverb	b1
dairy	adjective	b2
dairy	noun	b2
dam	noun	c1
damage	noun	b1
damage	verb	b1
damaging	adjective	c1
dance	noun	a1
dance	verb	a1
dancer	noun	a1
dancing	noun	a1
danger	noun	a2
dangerous	adjective	a1
dare	verb	b2
dark	adjective	a1
dark	noun	a2
darkness	noun	b2
data	noun	a2
database	noun	b2
date	noun	a1
date	verb	b2
daughter	noun	a1
dawn	noun	c1
day	noun	a1
dead	adjective	a2
deadline	noun	b2
deadly	adjective	b2
deal	noun	b1
deal	verb	a2
dealer	noun	b2
dear	adjective	a1
dear	exclamation	a2
death	noun	a2
debate	noun	b2
debate	verb	b2
debris	noun	c1
debt	noun	b2
debut	noun	c1
decade	noun	b1
December	noun	a1
decent	adjective	b2
decide	verb	a1
decision	noun	a2
decision-making	noun	c1
decisive	adjective	c1
deck	noun	b2
declaration	noun	c1
declare	verb	b2
decline	noun	b2
decline	verb	b2
decorate	verb	b1
decoration	noun	b2
decrease	noun	b2
decrease	verb	b2
dedicated	adjective	c1
dedication	noun	c1
deed	noun	c1
deem	verb	c1
deep	adjective	a2
deep	adverb	b1
deeply	adverb	b2
default	noun	c1
defeat	noun	b2
defeat	verb	b2
defect	noun	c1
defence	noun	b2
defend	verb	b2
defender	noun	b2
defensive	adjective	c1
deficiency	noun	c1
deficit	noun	c1
define	verb	b1
definite	adjective	b1
definitely	adverb	a2
definition	noun	b1
defy	verb	c1
degree	noun	a2
delay	noun	b2
delay	verb	b2
delegate	noun	c1
delegation	noun	c1
delete	verb	b2
deliberate	adjective	b2
deliberately	adverb	b2
delicate	adjective	c1
delicious	adjective	a1
delight	noun	b2
delight	verb	b2
delighted	adjective	b2
deliver	verb	b1
delivery	noun	b2
demand	noun	b2
demand	verb	b2
democracy	noun	b2
democratic	adjective	b2
demon	noun	c1
demonstrate	verb	b2
demonstration	noun	b2
denial	noun	c1
denounce	verb	c1
dense	adjective	c1
density	noun	c1
dentist	noun	a2
deny	verb	b2
depart	verb	b2
department	noun	a2
departure	noun	b1
depend	verb	a2
dependence	noun	c1
dependent	adjective	b2
depict	verb	c1
deploy	verb	c1
deployment	noun	c1
deposit	noun	b2
deposit	verb	c1
depressed	adjective	b2
depressing	adjective	b2
depression	noun	b2
deprive	verb	c1
depth	noun	b2
deputy	noun	c1
derive	verb	b2
descend	verb	c1
descent	noun	c1
describe	verb	a1
description	noun	a1
desert	noun	a2
desert	verb	b2
deserve	verb	b2
design	noun	a1
design	verb	a1
designate	verb	c1
designer	noun	a2
desirable	adjective	c1
desire	noun	b2
desire	verb	b2
desk	noun	a1
desktop	noun	c1
desperate	adjective	b2
desperately	adverb	b2
despite	preposition	b1
destination	noun	b1
destroy	verb	a2
destruction	noun	b2
destructive	adjective	c1
detail	noun	a1
detail	verb	b2
detailed	adjective	b2
detain	verb	c1
detect	verb	b2
detection	noun	c1
detective	noun	a2
detention	noun	c1
deteriorate	verb	c1
determination	noun	b2
determine	verb	b1
determined	adjective	b1
devastate	verb	c1
develop	verb	a2
development	noun	b1
device	noun	a2
devil	noun	c1
devise	verb	c1
devote	verb	b2
diagnose	verb	c1
diagnosis	noun	c1
diagram	noun	b1
dialogue	noun	a1
diamond	noun	b1
diary	noun	a2
dictate	verb	c1
dictator	noun	c1
dictionary	noun	a1
die	verb	a1
diet	noun	a1
differ	verb	b2
difference	noun	a1
different	adjective	a1
differentiate	verb	c1
differently	adverb	a2
difficult	adjective	a1
difficulty	noun	b1
dig	verb	b2
digital	adjective	a2
dignity	noun	c1
dilemma	noun	c1
dimension	noun	c1
diminish	verb	c1
dinner	noun	a1
dip	verb	c1
diplomat	noun	c1
diplomatic	adjective	c1
direct	adjective	a2
direct	adverb	b1
direct	verb	b1
direction	noun	a2
directly	adverb	b1
director	noun	a2
directory	noun	c1
dirt	noun	b1
dirty	adjective	a1
disability	noun	b2
disabled	adjective	b2
disadvantage	noun	b1
disagree	verb	a2
disagreement	noun	b2
disappear	verb	a2
disappoint	verb	b2
disappointed	adjective	b1
disappointing	adjective	b1
disappointment	noun	b2
disaster	noun	a2
disastrous	adjective	c1
disc	noun	b2
discard	verb	c1
discharge	verb	c1
discipline	noun	b2
disclose	verb	c1
disclosure	noun	c1
discount	noun	b1
discount	verb	b2
discourage	verb	b2
discourse	noun	c1
discover	verb	a2
discovery	noun	a2
discretion	noun	c1
discrimination	noun	c1
discuss	verb	a1
discussion	noun	a2
disease	noun	a2
dish	noun	a1
dishonest	adjective	b2
dislike	noun	b1
dislike	verb	b1
dismiss	verb	b2
dismissal	noun	c1
disorder	noun	b2
displace	verb	c1
display	noun	b2
display	verb	b2
disposal	noun	c1
dispose	verb	c1
dispute	noun	c1
dispute	verb	c1
disrupt	verb	c1
disruption	noun	c1
dissolve	verb	c1
distance	noun	a2
distant	adjective	b2
distinct	adjective	b2
distinction	noun	c1
distinctive	adjective	c1
distinguish	verb	b2
distort	verb	c1
distract	verb	b2
distress	noun	c1
distribute	verb	b2
distribution	noun	b2
district	noun	b2
disturb	verb	b2
disturbing	adjective	c1
dive	noun	b2
dive	verb	b2
diverse	adjective	b2
diversity	noun	b2
divert	verb	c1
divide	noun	b2
divide	verb	b1
divine	adjective	c1
division	noun	b2
divorce	noun	b2
divorce	verb	b2
divorced	adjective	a2
do	verb	a1
do	auxiliary verb	a1
doctor	noun	a1
doctrine	noun	c1
document	noun	a2
document	verb	b2
documentary	noun	b1
documentation	noun	c1
dog	noun	a1
dollar	noun	a1
domain	noun	c1
domestic	adjective	b2
dominance	noun	c1
dominant	adjective	b2
dominate	verb	b2
donate	verb	b1
donation	noun	b2
donor	noun	c1
door	noun	a1
dose	noun	c1
dot	noun	b2
double	determiner	a2
double	adjective	a2
double	pronoun	a2
double	adverb	b1
double	verb	a2
doubt	noun	b1
doubt	verb	b1
down	preposition	a1
down	adverb	a1
download	noun	a2
download	verb	a2
downstairs	adjective	a2
downstairs	adverb	a1
downtown	adjective	b2
downtown	noun	b2
downtown	adverb	b2
downwards	adverb	b2
dozen	noun	b2
dozen	determiner	b2
draft	noun	b2
draft	verb	b2
drag	verb	b2
drain	verb	c1
drama	noun	a2
dramatic	adjective	b2
dramatically	adverb	b2
draw	verb	a1
drawing	noun	a2
dream	noun	a2
dream	verb	a2
dress	noun	a1
dress	verb	a1
dressed	adjective	b1
drift	verb	c1
drink	noun	a1
drink	verb	a1
drive	noun	a2
drive	verb	a1
driver	noun	a1
driving	adjective	c1
driving	noun	a2
drop	noun	b1
drop	verb	a2
drought	noun	b2
drown	verb	c1
drug	noun	a2
drum	noun	b1
drunk	adjective	b1
dry	adjective	a2
dry	verb	a2
dual	adjective	c1
dub	verb	c1
due	adjective	b1
dull	adjective	b2
dumb	adjective	c1
dump	verb	b2
duo	noun	c1
duration	noun	b2
during	preposition	a1
dust	noun	b1
duty	noun	b1
DVD	noun	a1
dynamic	adjective	b2
dynamic	noun	c1
each	determiner	a1
each	pronoun	a1
each	adverb	a1
eager	adjective	c1
ear	noun	a1
early	adjective	a1
early	adverb	a1
earn	verb	a2
earnings	noun	c1
earth	noun	a2
earthquake	noun	b1
ease	noun	c1
ease	verb	c1
easily	adverb	a2
east	adjective	a1
east	noun	a1
east	adverb	a1
eastern	adjective	b1
easy	adjective	a1
eat	verb	a1
echo	verb	c1
ecological	adjective	c1
economic	adjective	b1
economics	noun	b2
economist	noun	b2
economy	noun	b1
edge	noun	b1
edit	verb	b2
edition	noun	b2
editor	noun	b1
editorial	adjective	b2
educate	verb	b1
educated	adjective	b1
education	noun	a2
educational	adjective	b1
educator	noun	c1
effect	noun	a2
effective	adjective	b1
effectively	adverb	b1
effectiveness	noun	c1
efficiency	noun	c1
efficient	adjective	b2
efficiently	adverb	b2
effort	noun	b1
egg	noun	a1
ego	noun	c1
eight	number	a1
eighteen	number	a1
eighty	number	a1
either	determiner	a2
either	pronoun	a2
either	adverb	a2
elaborate	adjective	c1
elbow	noun	b2
elderly	adjective	b2
elect	verb	b2
election	noun	b1
electoral	adjective	c1
electric	adjective	a2
electrical	adjective	a2
electricity	noun	a2
electronic	adjective	a2
electronics	noun	b2
elegant	adjective	b2
element	noun	b1
elementary	adjective	b2
elephant	noun	a1
elevate	verb	c1
eleven	number	a1
eligible	adjective	c1
eliminate	verb	b2
elite	noun	c1
else	adverb	a1
elsewhere	adverb	b2
email	noun	a1
email	verb	a1
embark	verb	c1
embarrassed	adjective	b1
embarrassing	adjective	b1
embarrassment	noun	c1
embassy	noun	c1
embed	verb	c1
embody	verb	c1
embrace	verb	b2
emerge	verb	b2
emergence	noun	c1
emergency	noun	b1
emission	noun	b2
emotion	noun	b1
emotional	adjective	b2
emotionally	adverb	b2
emphasis	noun	b2
emphasize	verb	b2
empire	noun	b2
empirical	adjective	c1
employ	verb	a2
employee	noun	a2
employer	noun	a2
employment	noun	b1
empower	verb	c1
empty	adjective	a2
empty	verb	b1
enable	verb	b2
enact	verb	c1
encompass	verb	c1
encounter	noun	b2
encounter	verb	b2
encourage	verb	b1
encouragement	noun	c1
encouraging	adjective	c1
end	noun	a1
end	verb	a1
endeavour	noun	c1
ending	noun	a2
endless	adjective	c1
endorse	verb	c1
endorsement	noun	c1
endure	verb	c1
enemy	noun	b1
energy	noun	a2
enforce	verb	c1
enforcement	noun	c1
engage	verb	b2
engaged	adjective	b1
engagement	noun	c1
engaging	adjective	c1
engine	noun	a2
engineer	noun	a2
engineering	noun	b1
enhance	verb	b2
enjoy	verb	a1
enjoyable	adjective	b2
enormous	adjective	a2
enough	determiner	a1
enough	pronoun	a1
enough	adverb	a1
enquire	verb	c1
enquiry	noun	b2
enrich	verb	c1
enrol	verb	c1
ensue	verb	c1
ensure	verb	b2
enter	verb	a2
enterprise	noun	c1
entertain	verb	b1
entertaining	adjective	b2
entertainment	noun	b1
enthusiasm	noun	b2
enthusiast	noun	c1
enthusiastic	adjective	b2
entire	adjective	b2
entirely	adverb	b2
entitle	verb	c1
entity	noun	c1
entrance	noun	b1
entrepreneur	noun	b2
entry	noun	b1
envelope	noun	b2
environment	noun	a2
environmental	adjective	b1
epidemic	noun	c1
episode	noun	b1
equal	adjective	b1
equal	noun	b2
equal	verb	b1
equality	noun	c1
equally	adverb	b1
equation	noun	c1
equip	verb	b2
equipment	noun	a2
equivalent	adjective	b2
equivalent	noun	b2
era	noun	b2
erect	verb	c1
error	noun	a2
erupt	verb	b2
escalate	verb	c1
escape	noun	b1
escape	verb	b1
especially	adverb	a2
essay	noun	a2
essence	noun	c1
essential	adjective	b1
essentially	adverb	b2
establish	verb	b2
establishment	noun	c1
estate	noun	b2
estimate	noun	b2
estimate	verb	b2
eternal	adjective	c1
ethic	noun	b2
ethical	adjective	b2
ethnic	adjective	b2
euro	noun	a1
evacuate	verb	c1
evaluate	verb	b2
evaluation	noun	b2
even	adjective	b2
even	adverb	a1
evening	noun	a1
event	noun	a1
eventually	adverb	b1
ever	adverb	a1
every	determiner	a1
everybody	pronoun	a1
everyday	adjective	a2
everyone	pronoun	a1
everything	pronoun	a1
everywhere	adverb	a2
evidence	noun	a2
evident	adjective	b2
evil	adjective	b2
evil	noun	b2
evoke	verb	c1
evolution	noun	b2
evolutionary	adjective	c1
evolve	verb	b2
exact	adjective	a2
exactly	adverb	a2
exaggerate	verb	c1
exam	noun	a1
examination	noun	b2
examine	verb	b1
example	noun	a1
exceed	verb	b2
excellence	noun	c1
excellent	adjective	a2
except	conjunction	b1
except	preposition	a2
exception	noun	b2
exceptional	adjective	c1
excess	adjective	c1
excess	noun	c1
excessive	adjective	b2
exchange	noun	b1
exchange	verb	b1
excited	adjective	a1
excitement	noun	b1
exciting	adjective	a1
exclude	verb	b2
exclusion	noun	c1
exclusive	adjective	c1
exclusively	adverb	c1
excuse	noun	b2
excuse	verb	b2
execute	verb	c1
execution	noun	c1
executive	adjective	b2
executive	noun	b2
exercise	noun	a1
exercise	verb	a1
exert	verb	c1
exhibit	noun	b2
exhibit	verb	b2
exhibition	noun	b1
exile	noun	c1
exist	verb	a2
existence	noun	b2
exit	noun	b2
exotic	adjective	b2
expand	verb	b1
expansion	noun	b2
expect	verb	a2
expectation	noun	b2
expected	adjective	b1
expedition	noun	b1
expenditure	noun	c1
expense	noun	b2
expensive	adjective	a1
experience	noun	a2
experience	verb	b1
experienced	adjective	b1
experiment	noun	a2
experiment	verb	b1
experimental	adjective	c1
expert	adjective	a2
expert	noun	a2
expertise	noun	b2
expire	verb	c1
explain	verb	a1
explanation	noun	a2
explicit	adjective	c1
explicitly	adverb	c1
explode	verb	b1
exploit	verb	b2
exploitation	noun	c1
exploration	noun	b2
explore	verb	b1
explosion	noun	b1
explosive	adjective	c1
explosive	noun	c1
export	noun	b1
export	verb	b1
expose	verb	b2
exposure	noun	b2
express	verb	a2
expression	noun	a2
extend	verb	b2
extension	noun	b2
extensive	adjective	b2
extensively	adverb	b2
extent	noun	b2
external	adjective	b2
extra	adjective	a1
extra	noun	b1
extra	adverb	b1
extract	noun	b2
extract	verb	c1
extraordinary	adjective	b2
extreme	adjective	a2
extreme	noun	b2
extremely	adverb	a2
extremist	noun	c1
eye	noun	a1
fabric	noun	b2
fabulous	adjective	b2
face	noun	a1
face	verb	b1
facilitate	verb	c1
facility	noun	b2
fact	noun	a1
faction	noun	c1
factor	noun	a2
factory	noun	a2
faculty	noun	c1
fade	verb	c1
fail	verb	a2
failed	adjective	b2
failure	noun	b2
fair	adjective	a2
fairly	adverb	b1
fairness	noun	c1
faith	noun	b2
fake	adjective	b2
fall	noun	a2
fall	verb	a1
false	adjective	a1
fame	noun	b2
familiar	adjective	b1
family	adjective	a1
family	noun	a1
famous	adjective	a1
fan	noun	a2
fancy	adjective	b1
fancy	verb	b1
fantastic	adjective	a1
fantasy	noun	b2
far	adjective	b1
far	adverb	a1
fare	noun	b2
farm	noun	a1
farm	verb	a2
farmer	noun	a1
farming	noun	a2
fascinating	adjective	b1
fashion	noun	a2
fashionable	adjective	b1
fast	adjective	a1
fast	adverb	a1
fasten	verb	b1
fat	adjective	a1
fat	noun	a2
fatal	adjective	c1
fate	noun	c1
father	noun	a1
fault	noun	b2
favour	noun	b1
favour	verb	b2
favourable	adjective	c1
favourite	adjective	a1
favourite	noun	a1
fear	noun	a2
fear	verb	b1
feat	noun	c1
feather	noun	b2
feature	noun	a2
feature	verb	b1
February	noun	a1
federal	adjective	b2
fee	noun	b2
feed	noun	b2
feed	verb	a2
feedback	noun	b2
feeding	noun	c1
feel	noun	b2
feel	verb	a1
feeling	noun	a1
fellow	adjective	b2
female	adjective	a2
female	noun	a2
feminist	adjective	c1
fence	noun	b1
festival	noun	a1
fever	noun	b2
few	determiner	a1
few	adjective	a1
few	pronoun	a1
fibre	noun	c1
fiction	noun	a2
field	noun	a2
fierce	adjective	c1
fifteen	number	a1
fifth	ordinal number	a1
fifty	number	a1
fight	noun	a2
fight	verb	a2
fighting	noun	b1
figure	noun	a2
figure	verb	b2
file	noun	b1
file	verb	b2
fill	verb	a1
film	noun	a1
film	verb	a2
film-maker	noun	c1
filter	noun	c1
filter	verb	c1
final	adjective	a1
final	noun	a2
finally	adverb	a2
finance	noun	b2
finance	verb	b2
financial	adjective	b1
find	verb	a1
finding	noun	b2
fine	adjective	a1
fine	noun	c1
finger	noun	a2
finish	noun	a2
finish	verb	a1
fire	noun	a1
fire	verb	b1
firearm	noun	c1
firefighter	noun	b2
firework	noun	b2
firm	adjective	b2
firm	noun	b2
firmly	adverb	b2
first	noun	a2
first	adverb	a1
first	determiner	a1
first	number	a1
firstly	adverb	a2
fish	noun	a1
fish	verb	a2
fishing	noun	a2
fit	adjective	a2
fit	noun	c1
fit	verb	a2
fitness	noun	b1
five	number	a1
fix	noun	b2
fix	verb	a2
fixed	adjective	b1
fixture	noun	c1
flag	noun	b1
flame	noun	b2
flash	noun	b2
flash	verb	b2
flat	adjective	a2
flat	noun	a1
flavour	noun	b2
flaw	noun	c1
flawed	adjective	c1
flee	verb	c1
fleet	noun	c1
flesh	noun	c1
flexibility	noun	c1
flexible	adjective	b2
flight	noun	a1
float	verb	b2
flood	noun	b1
flood	verb	b1
floor	noun	a1
flour	noun	b1
flourish	verb	c1
flow	noun	b1
flow	verb	b1
flower	noun	a1
flu	noun	a2
fluid	noun	c1
fly	noun	a2
fly	verb	a1
flying	adjective	a2
flying	noun	a2
focus	noun	a2
focus	verb	a2
fold	noun	b2
fold	verb	b1
folding	adjective	b2
folk	adjective	b1
folk	noun	b1
follow	verb	a1
following	preposition	b2
following	adjective	a2
following	noun	b1
fond	adjective	b2
food	noun	a1
fool	noun	b2
foot	noun	a1
footage	noun	c1
football	noun	a1
for	preposition	a1
forbid	verb	b2
force	noun	b1
force	verb	b1
forecast	noun	b2
forecast	verb	b2
foreign	adjective	a2
foreigner	noun	c1
forest	noun	a2
forever	adverb	b1
forge	verb	c1
forget	verb	a1
forgive	verb	b2
fork	noun	a2
form	noun	a1
form	verb	a1
formal	adjective	a2
format	noun	b2
formation	noun	b2
former	adjective	b2
formerly	adverb	b2
formula	noun	c1
formulate	verb	c1
forth	adverb	c1
forthcoming	adjective	c1
fortunate	adjective	b2
fortunately	adverb	a2
fortune	noun	b2
forty	number	a1
forum	noun	b2
forward	adjective	b2
forward	adverb	a2
fossil	noun	b2
foster	verb	c1
found	verb	b2
foundation	noun	b2
founder	noun	b2
four	number	a1
fourteen	number	a1
fourth	ordinal number	a1
fraction	noun	b2
fragile	adjective	c1
fragment	noun	b2
frame	noun	b1
frame	verb	b1
framework	noun	b2
franchise	noun	c1
frankly	adverb	c1
fraud	noun	b2
free	adjective	a1
free	adverb	a2
free	verb	b2
freedom	noun	b2
freely	adverb	b2
freeze	verb	b1
frequency	noun	b2
frequent	adjective	b2
frequently	adverb	b1
fresh	adjective	a2
Friday	noun	a1
fridge	noun	a2
friend	noun	a1
friendly	adjective	a1
friendship	noun	b1
frighten	verb	b1
frightened	adjective	b1
frightening	adjective	b1
frog	noun	a2
from	preposition	a1
front	adjective	a1
front	noun	a1
frozen	adjective	b1
fruit	noun	a1
frustrated	adjective	c1
frustrating	adjective	c1
frustration	noun	c1
fry	verb	b1
fuel	noun	b1
fuel	verb	b2
fulfil	verb	b2
full	adjective	a1
full-time	adjective	b2
full-time	adverb	b2
fully	adverb	b2
fun	adjective	a2
fun	noun	a1
function	noun	b1
function	verb	b2
functional	adjective	c1
fund	noun	b2
fund	verb	b2
fundamental	adjective	b2
fundamentally	adverb	b2
funding	noun	b2
fundraising	noun	c1
funeral	noun	c1
funny	adjective	a1
fur	noun	b1
furious	adjective	b2
furniture	noun	a2
further	adjective	a2
further	adverb	b1
furthermore	adverb	b2
future	adjective	a2
future	noun	a1
gain	noun	b2
gain	verb	b2
gallery	noun	a2
gallon	noun	c1
gambling	noun	c1
game	noun	a1
gaming	noun	b2
gang	noun	b2
gap	noun	a2
garage	noun	b1
garden	noun	a1
gas	noun	a2
gate	noun	a2
gather	verb	b1
gathering	noun	c1
gay	adjective	b2
gaze	noun	c1
gaze	verb	c1
gear	noun	c1
gender	noun	b2
gene	noun	b2
general	adjective	a2
generally	adverb	b1
generate	verb	b2
generation	noun	b1
generic	adjective	c1
generous	adjective	b1
genetic	adjective	b2
genius	noun	b2
genocide	noun	c1
genre	noun	b2
gentle	adjective	b1
gentleman	noun	b1
genuine	adjective	b2
genuinely	adverb	b2
geography	noun	a1
gesture	noun	b2
get	verb	a1
ghost	noun	b1
giant	adjective	b1
giant	noun	b1
gift	noun	a2
gig	noun	b2
girl	noun	a1
girlfriend	noun	a1
give	verb	a1
glad	adjective	b1
glance	noun	c1
glance	verb	c1
glass	noun	a1
glimpse	noun	c1
global	adjective	b1
globalization	noun	b2
globe	noun	b2
glorious	adjective	c1
glory	noun	c1
glove	noun	b1
go	noun	b1
go	verb	a1
goal	noun	a2
god	noun	a2
gold	noun	a2
gold	adjective	a2
golden	adjective	b2
golf	noun	a2
good	adjective	a1
good	noun	a2
goodbye	noun	a1
goodbye	exclamation	a1
goodness	noun	b2
goods	noun	b1
gorgeous	adjective	b2
govern	verb	b2
governance	noun	c1
government	noun	a2
governor	noun	b2
grab	verb	b2
grace	noun	c1
grade	noun	b1
grade	verb	b2
gradually	adverb	b2
graduate	noun	b1
graduate	verb	b1
grain	noun	b1
grand	adjective	b2
grandfather	noun	a1
grandmother	noun	a1
grandparent	noun	a1
grant	noun	b2
grant	verb	b2
graphic	adjective	b2
graphics	noun	b2
grasp	verb	c1
grass	noun	a2
grateful	adjective	b1
grave	adjective	c1
grave	noun	c1
gravity	noun	c1
great	adjective	a1
greatly	adverb	b2
green	adjective	a1
green	noun	a1
greenhouse	noun	b2
greet	verb	a2
grey	adjective	a1
grey	noun	a1
grid	noun	c1
grief	noun	c1
grin	verb	c1
grind	verb	c1
grip	noun	c1
grocery	noun	b2
ground	noun	a2
group	noun	a1
grow	verb	a1
growth	noun	b1
guarantee	noun	b2
guarantee	verb	b2
guard	noun	b1
guard	verb	b1
guerrilla	noun	c1
guess	noun	a1
guess	verb	a1
guest	noun	a2
guidance	noun	c1
guide	noun	a2
guide	verb	a2
guideline	noun	b2
guilt	noun	c1
guilty	adjective	b1
guitar	noun	a1
gun	noun	a2
gut	noun	c1
guy	noun	a2
gym	noun	a1
habit	noun	a2
habitat	noun	b2
hail	verb	c1
hair	noun	a1
half	noun	a1
half	pronoun	a1
half	adverb	a2
half	determiner	a1
halfway	adverb	c1
hall	noun	a2
halt	verb	c1
hand	noun	a1
hand	verb	b1
handful	noun	c1
handle	noun	b2
handle	verb	b2
handling	noun	c1
handy	adjective	c1
hang	verb	b1
happen	verb	a1
happily	adverb	a2
happiness	noun	b1
happy	adjective	a1
harassment	noun	c1
harbour	noun	b2
hard	adjective	a1
hard	adverb	a1
hardly	adverb	b1
hardware	noun	c1
harm	noun	b2
harm	verb	b2
harmful	adjective	b2
harmony	noun	c1
harsh	adjective	c1
harvest	noun	c1
hat	noun	a1
hate	noun	b1
hate	verb	a1
hatred	noun	c1
haunt	verb	c1
have	verb	a1
have	auxiliary verb	a2
have to	modal verb	a1
hazard	noun	c1
he	pronoun	a1
head	noun	a1
head	verb	b1
headache	noun	a2
headline	noun	b1
headquarters	noun	b2
heal	verb	b2
health	noun	a1
healthcare	noun	b2
healthy	adjective	a1
hear	verb	a1
hearing	noun	b2
heart	noun	a2
heat	noun	a2
heat	verb	a2
heating	noun	b1
heaven	noun	b2
heavily	adverb	b1
heavy	adjective	a2
heel	noun	b2
height	noun	a2
heighten	verb	c1
helicopter	noun	b1
hell	noun	b2
hello	noun	a1
hello	exclamation	a1
helmet	noun	b2
help	noun	a1
help	verb	a1
helpful	adjective	a2
hence	adverb	b2
her	pronoun	a1
her	determiner	a1
herb	noun	b2
here	adverb	a1
heritage	noun	c1
hero	noun	a2
hers	pronoun	a2
herself	pronoun	a2
hesitate	verb	b2
hey	exclamation	a1
hi	exclamation	a1
hidden	adjective	b2
hide	verb	a2
hierarchy	noun	c1
high	adjective	a1
high	noun	b2
high	adverb	a2
high-profile	adjective	c1
highlight	noun	b1
highlight	verb	b1
highly	adverb	b1
highway	noun	b2
hilarious	adjective	b2
hill	noun	a2
him	pronoun	a1
himself	pronoun	a2
hint	noun	c1
hint	verb	c1
hip	noun	b2
hire	noun	b2
hire	verb	b1
his	pronoun	a2
his	determiner	a1
historian	noun	b2
historic	adjective	b1
historical	adjective	b1
history	noun	a1
hit	noun	a2
hit	verb	a2
hobby	noun	a1
hockey	noun	a2
hold	noun	b2
hold	verb	a2
hole	noun	a2
holiday	noun	a1
hollow	adjective	b2
holy	adjective	b2
home	adjective	a2
home	noun	a1
home	adverb	a1
homeland	noun	c1
homeless	adjective	b2
homework	noun	a1
honest	adjective	b1
honesty	noun	b2
honour	noun	b2
honour	verb	b2
hook	noun	b2
hook	verb	c1
hope	noun	a2
hope	verb	a1
hopeful	adjective	c1
hopefully	adverb	b2
horizon	noun	c1
horn	noun	c1
horrible	adjective	b1
horror	noun	b1
horse	noun	a1
hospital	noun	a1
host	noun	b1
host	verb	b2
hostage	noun	c1
hostile	adjective	c1
hostility	noun	c1
hot	adjective	a1
hotel	noun	a1
hour	noun	a1
house	noun	a1
house	verb	b2
household	noun	b2
housing	noun	b2
how	adverb	a1
however	adverb	a1
huge	adjective	a2
human	adjective	a2
human	noun	a2
humanitarian	adjective	c1
humanity	noun	c1
humble	adjective	c1
humorous	adjective	b2
humour	noun	b2
hundred	number	a1
hunger	noun	b2
hungry	adjective	a1
hunt	noun	b2
hunt	verb	b1
hunting	noun	b2
hurricane	noun	b1
hurry	noun	b1
hurry	verb	b1
hurt	noun	b2
hurt	verb	a2
hurt	adjective	a2
husband	noun	a1
hydrogen	noun	c1
hypothesis	noun	b2
I	pronoun	a1
ice	noun	a1
ice cream	noun	a1
icon	noun	b2
idea	noun	a1
ideal	adjective	a2
ideal	noun	b2
identical	adjective	b2
identification	noun	c1
identify	verb	a2
identity	noun	b1
ideological	adjective	c1
ideology	noun	c1
idiot	noun	c1
if	conjunction	a1
ignorance	noun	c1
ignore	verb	b1
ill	adjective	a2
illegal	adjective	b1
illness	noun	a2
illusion	noun	b2
illustrate	verb	b2
illustration	noun	b2
image	noun	a2
imagery	noun	c1
imaginary	adjective	b1
imagination	noun	b2
imagine	verb	a1
immediate	adjective	b1
immediately	adverb	a2
immense	adjective	c1
immigrant	noun	b1
immigration	noun	b2
imminent	adjective	c1
immune	adjective	b2
impact	noun	b1
impact	verb	b1
impatient	adjective	b2
implement	verb	b2
implementation	noun	c1
implication	noun	b2
imply	verb	b2
import	noun	b1
import	verb	b1
importance	noun	b1
important	adjective	a1
impose	verb	b2
impossible	adjective	a2
impress	verb	b2
impressed	adjective	b2
impression	noun	b1
impressive	adjective	b1
imprison	verb	c1
imprisonment	noun	c1
improve	verb	a1
improvement	noun	b1
in	preposition	a1
in	adverb	a1
inability	noun	c1
inadequate	adjective	c1
inappropriate	adjective	c1
incentive	noun	b2
inch	noun	b2
incidence	noun	c1
incident	noun	b2
inclined	adjective	c1
include	verb	a1
included	adjective	a2
including	preposition	a2
inclusion	noun	c1
income	noun	b2
incorporate	verb	b2
incorrect	adjective	b2
increase	noun	a2
increase	verb	a2
increasingly	adverb	b2
incredible	adjective	a2
incredibly	adverb	b1
incur	verb	c1
indeed	adverb	b1
independence	noun	b2
independent	adjective	a2
index	noun	b2
indicate	verb	b1
indication	noun	b2
indicator	noun	c1
indictment	noun	c1
indigenous	adjective	c1
indirect	adjective	b1
individual	adjective	a2
individual	noun	a2
indoor	adjective	b1
indoors	adverb	b1
induce	verb	c1
indulge	verb	c1
industrial	adjective	b2
industry	noun	a2
inequality	noun	c1
inevitable	adjective	b2
infamous	adjective	c1
infant	noun	c1
infect	verb	c1
infection	noun	b2
infer	verb	b2
inflation	noun	b2
inflict	verb	c1
influence	noun	b1
influence	verb	b1
influential	adjective	c1
info	noun	b2
inform	verb	b2
informal	adjective	a2
information	noun	a1
infrastructure	noun	b2
ingredient	noun	b1
inhabitant	noun	b2
inherent	adjective	c1
inherit	verb	b2
inhibit	verb	c1
initial	adjective	b2
initially	adverb	b2
initiate	verb	c1
initiative	noun	b2
inject	verb	c1
injection	noun	c1
injure	verb	b1
injured	adjective	b1
injury	noun	a2
injustice	noun	c1
ink	noun	b2
inmate	noun	c1
inner	adjective	b2
innocent	adjective	b1
innovation	noun	b2
innovative	adjective	b2
input	noun	b2
insect	noun	a2
insert	verb	b2
insertion	noun	c1
inside	preposition	a2
inside	adjective	a2
inside	noun	a2
inside	adverb	a2
insider	noun	c1
insight	noun	b2
insist	verb	b2
inspect	verb	c1
inspection	noun	c1
inspector	noun	b2
inspiration	noun	c1
inspire	verb	b2
install	verb	b2
installation	noun	b2
instance	noun	b2
instant	adjective	b2
instantly	adverb	b2
instead	adverb	a2
instinct	noun	c1
institute	noun	b2
institution	noun	b2
institutional	adjective	c1
instruct	verb	c1
instruction	noun	a2
instructor	noun	a2
instrument	noun	a2
instrumental	adjective	c1
insufficient	adjective	c1
insult	noun	c1
insurance	noun	b2
intact	adjective	c1
intake	noun	c1
integral	adjective	c1
integrate	verb	b2
integrated	adjective	c1
integration	noun	c1
integrity	noun	c1
intellectual	adjective	b2
intellectual	noun	c1
intelligence	noun	b1
intelligent	adjective	a2
intend	verb	b1
intended	adjective	b2
intense	adjective	b2
intensify	verb	c1
intensity	noun	c1
intensive	adjective	c1
intent	noun	c1
intention	noun	b1
interact	verb	b2
interaction	noun	b2
interactive	adjective	c1
interest	noun	a1
interest	verb	a1
interested	adjective	a1
interesting	adjective	a1
interface	noun	c1
interfere	verb	c1
interference	noun	c1
interim	adjective	c1
interior	adjective	c1
interior	noun	c1
intermediate	adjective	c1
internal	adjective	b2
international	adjective	a2
Internet	noun	a1
interpret	verb	b2
interpretation	noun	b2
interrupt	verb	b2
interval	noun	b2
intervene	verb	c1
intervention	noun	c1
interview	noun	a1
interview	verb	a1
intimate	adjective	c1
into	preposition	a1
intriguing	adjective	c1
introduce	verb	a1
introduction	noun	a2
invade	verb	b2
invasion	noun	b2
invent	verb	a2
invention	noun	a2
invest	verb	b1
investigate	verb	b1
investigation	noun	b2
investigator	noun	c1
investment	noun	b2
investor	noun	b2
invisible	adjective	c1
invitation	noun	a2
invite	verb	a2
invoke	verb	c1
involve	verb	a2
involved	adjective	b1
involvement	noun	c1
iron	noun	b1
iron	verb	b1
ironic	adjective	c1
ironically	adverb	c1
irony	noun	c1
irrelevant	adjective	c1
island	noun	a1
isolate	verb	b2
isolated	adjective	b2
isolation	noun	c1
issue	noun	b1
issue	verb	b2
IT	noun	b1
it	pronoun	a1
item	noun	a2
its	determiner	a1
itself	pronoun	a2
jacket	noun	a1
jail	noun	b2
jail	verb	b2
jam	noun	a2
January	noun	a1
jazz	noun	a2
jeans	noun	a1
jet	noun	b2
jewellery	noun	a2
job	noun	a1
join	verb	a1
joint	adjective	b2
joint	noun	b2
joke	noun	a2
joke	verb	a2
journal	noun	b1
journalism	noun	b2
journalist	noun	a2
journey	noun	a1
joy	noun	b2
judge	noun	b1
judge	verb	b1
judgement	noun	b2
judicial	adjective	c1
juice	noun	a1
July	noun	a1
jump	noun	a2
jump	verb	a2
junction	noun	c1
June	noun	a1
junior	adjective	b2
jurisdiction	noun	c1
jury	noun	b2
just	adjective	c1
just	adverb	a1
justice	noun	b2
justification	noun	c1
justify	verb	b2
keen	adjective	b1
keep	verb	a1
key	adjective	a1
key	noun	a1
key	verb	b1
keyboard	noun	b1
kick	noun	b1
kick	verb	b1
kid	noun	a2
kidnap	verb	c1
kidney	noun	c1
kill	verb	a2
killing	noun	b1
kilometre	noun	a1
kind	adjective	b1
kind	noun	a1
king	noun	a2
kingdom	noun	c1
kiss	noun	b1
kiss	verb	b1
kit	noun	b2
kitchen	noun	a1
knee	noun	a2
knife	noun	a2
knock	noun	b1
knock	verb	a2
know	verb	a1
knowledge	noun	a2
lab	noun	a2
label	noun	b1
label	verb	b1
laboratory	noun	b1
labour	noun	b2
lack	noun	b1
lack	verb	b1
lad	noun	c1
ladder	noun	b2
lady	noun	a2
lake	noun	a2
lamp	noun	a2
land	noun	a1
land	verb	a2
landing	noun	b2
landlord	noun	c1
landmark	noun	c1
landscape	noun	b2
lane	noun	b2
language	noun	a1
lap	noun	c1
laptop	noun	a2
large	adjective	a1
large-scale	adjective	c1
largely	adverb	b2
laser	noun	c1
last	noun	a2
last	adverb	a2
last	verb	a2
last	determiner	a1
late	adjective	a1
late	adverb	a1
lately	adverb	b2
later	adverb	a1
later	adjective	a2
latest	adjective	b1
latest	noun	b2
latter	adjective	c1
latter	noun	c1
laugh	noun	a1
laugh	verb	a1
laughter	noun	a2
launch	noun	b2
launch	verb	b2
law	noun	a2
lawn	noun	c1
lawsuit	noun	c1
lawyer	noun	a2
lay	verb	b1
layer	noun	b1
layout	noun	c1
lazy	adjective	a2
lead	noun	b1
lead	verb	a2
leader	noun	a2
leadership	noun	b2
leading	adjective	b1
leaf	noun	b1
leaflet	noun	b2
league	noun	b2
leak	noun	c1
leak	verb	c1
lean	verb	b2
leap	noun	c1
leap	verb	c1
learn	verb	a1
learning	noun	a2
least	determiner	a2
least	pronoun	a2
least	adverb	a2
leather	noun	b1
leave	noun	b2
leave	verb	a1
lecture	noun	a2
lecture	verb	a2
left	adjective	a1
left	noun	a1
left	adverb	a1
leg	noun	a1
legacy	noun	c1
legal	adjective	b1
legend	noun	b2
legendary	adjective	c1
legislation	noun	c1
legislative	adjective	c1
legislature	noun	c1
legitimate	adjective	c1
leisure	noun	b1
lemon	noun	a2
lend	verb	a2
length	noun	b1
lengthy	adjective	c1
lens	noun	b2
lesbian	adjective	c1
less	determiner	a2
less	pronoun	a2
less	adverb	a2
lesser	adjective	c1
lesson	noun	a1
let	verb	a1
lethal	adjective	c1
letter	noun	a1
level	adjective	b1
level	noun	a2
level	verb	b2
liable	adjective	c1
liberal	adjective	c1
liberal	noun	c1
liberation	noun	c1
liberty	noun	c1
library	noun	a1
licence	noun	b2
license	verb	c1
lie	noun	b1
lie	verb	a1
life	noun	a1
lifelong	adjective	c1
lifestyle	noun	a2
lifetime	noun	b2
lift	noun	a2
lift	verb	a2
light	adjective	a1
light	noun	a1
light	verb	a2
lighting	noun	b2
like	preposition	a1
like	noun	b1
like	verb	a1
likelihood	noun	c1
likely	adjective	a2
likewise	adverb	b2
limb	noun	c1
limit	noun	b1
limit	verb	b1
limitation	noun	b2
limited	adjective	b2
line	noun	a1
line	verb	b2
line-up	noun	c1
linear	adjective	c1
linger	verb	c1
link	noun	a2
link	verb	a2
lion	noun	a1
lip	noun	b1
liquid	adjective	b1
liquid	noun	b1
list	noun	a1
list	verb	a1
listen	verb	a1
listener	noun	a2
listing	noun	c1
literacy	noun	c1
literally	adverb	b2
literary	adjective	b2
literature	noun	b1
litre	noun	b2
litter	noun	b2
little	determiner	a1
little	adjective	a1
little	pronoun	a1
little	adverb	a2
live	adjective	b1
live	adverb	b1
live	verb	a1
lively	adjective	b2
liver	noun	c1
living	adjective	b1
living	noun	b1
load	noun	b2
load	verb	b2
loan	noun	b2
lobby	noun	c1
lobby	verb	c1
local	adjective	a1
local	noun	b1
locate	verb	b1
located	adjective	b1
location	noun	b1
lock	noun	a2
lock	verb	a2
log	noun	c1
log	verb	c1
logic	noun	c1
logical	adjective	b2
logo	noun	b2
lonely	adjective	b1
long	adjective	a1
long	adverb	a1
long-standing	adjective	c1
long-term	adjective	b2
long-term	adverb	b2
long-time	adjective	c1
look	noun	a2
look	verb	a1
loom	verb	c1
loop	noun	c1
loose	adjective	b2
lord	noun	b2
lorry	noun	a2
lose	verb	a1
loss	noun	b1
lost	adjective	a2
lot	pronoun	a1
lot	adverb	a1
lot	determiner	a1
lottery	noun	b2
loud	adjective	a2
loud	adverb	a2
loudly	adverb	a2
love	noun	a1
love	verb	a1
lovely	adjective	a2
low	adjective	a2
low	noun	b2
low	adverb	a2
lower	verb	b2
loyal	adjective	b2
loyalty	noun	c1
luck	noun	a2
lucky	adjective	a2
lunch	noun	a1
lung	noun	b2
luxury	noun	b1
lyric	noun	b2
machine	noun	a1
machinery	noun	c1
mad	adjective	b1
magazine	noun	a1
magic	adjective	b1
magic	noun	b1
magical	adjective	c1
magistrate	noun	c1
magnetic	adjective	c1
magnificent	adjective	b2
magnitude	noun	c1
mail	noun	a2
mail	verb	a2
main	adjective	a1
mainland	noun	c1
mainly	adverb	b1
mainstream	adjective	c1
mainstream	noun	c1
maintain	verb	b2
maintenance	noun	c1
major	adjective	a2
major	noun	c1
majority	noun	b2
make	noun	b2
make	verb	a1
make-up	noun	b2
making	noun	b2
male	adjective	a2
male	noun	a2
mall	noun	b1
man	noun	a1
manage	verb	a2
management	noun	b1
manager	noun	a2
mandate	noun	c1
mandatory	adjective	c1
manifest	verb	c1
manipulate	verb	c1
manipulation	noun	c1
manner	noun	a2
manufacture	verb	b2
manufacturing	noun	b2
manuscript	noun	c1
many	determiner	a1
many	pronoun	a1
map	noun	a1
map	verb	b2
marathon	noun	b2
March	noun	a1
march	noun	c1
march	verb	c1
margin	noun	b2
marginal	adjective	c1
marine	adjective	c1
mark	noun	a2
mark	verb	a2
marker	noun	b2
market	noun	a1
market	verb	b1
marketing	noun	b1
marketplace	noun	c1
marriage	noun	b1
married	adjective	a1
marry	verb	a2
martial	adjective	b2
mask	noun	c1
mass	adjective	b2
mass	noun	b2
massacre	noun	c1
massive	adjective	b2
master	noun	b2
master	verb	b2
match	noun	a1
match	verb	a1
matching	adjective	b2
mate	noun	b2
mate	verb	b2
material	adjective	b2
material	noun	a2
mathematical	adjective	c1
mathematics	noun	a2
maths	noun	a2
matter	noun	a2
matter	verb	a2
mature	adjective	c1
maximize	verb	c1
maximum	adjective	b2
maximum	noun	b2
May	noun	a1
may	modal verb	a2
maybe	adverb	a1
mayor	noun	b2
me	pronoun	a1
meal	noun	a1
mean	verb	a1
meaning	noun	a1
meaningful	adjective	c1
means	noun	b2
meantime	noun	c1
meanwhile	adverb	b1
measure	noun	b1
measure	verb	b1
measurement	noun	b2
meat	noun	a1
mechanic	noun	b2
mechanical	adjective	b2
mechanism	noun	b2
medal	noun	b2
media	noun	a2
medical	adjective	a2
medication	noun	b2
medicine	noun	a2
medieval	adjective	c1
meditation	noun	c1
medium	adjective	b1
medium	noun	b2
meet	verb	a1
meeting	noun	a1
melody	noun	c1
melt	verb	b2
member	noun	a1
membership	noun	b2
memo	noun	c1
memoir	noun	c1
memorable	adjective	b2
memorial	noun	c1
memory	noun	a2
mental	adjective	b1
mention	noun	b1
mention	verb	a2
mentor	noun	c1
menu	noun	a1
merchant	noun	c1
mercy	noun	c1
mere	adjective	c1
merely	adverb	c1
merge	verb	c1
merger	noun	c1
merit	noun	c1
mess	noun	b1
message	noun	a1
metal	noun	a2
metaphor	noun	b2
method	noun	a2
methodology	noun	c1
metre	noun	a1
middle	adjective	a2
middle	noun	a2
midnight	noun	a1
midst	noun	c1
might	modal verb	a2
migration	noun	c1
mild	adjective	b1
mile	noun	a1
militant	adjective	c1
militant	noun	c1
military	adjective	b2
military	noun	b2
militia	noun	c1
milk	noun	a1
mill	noun	c1
million	number	a1
mind	noun	a2
mind	verb	a2
mine	noun	b1
mine	pronoun	a2
miner	noun	b2
mineral	noun	b2
minimal	adjective	c1
minimize	verb	c1
minimum	adjective	b2
minimum	noun	b2
mining	noun	c1
minister	noun	b2
ministry	noun	c1
minor	adjective	b2
minority	noun	b2
minute	adjective	c1
minute	noun	a1
miracle	noun	c1
mirror	noun	a2
miserable	adjective	b2
misery	noun	c1
misleading	adjective	c1
miss	verb	a1
missile	noun	c1
missing	adjective	a2
mission	noun	b2
mistake	noun	a1
mistake	verb	b2
mix	noun	b1
mix	verb	b1
mixed	adjective	b2
mixture	noun	b1
mob	noun	c1
mobile	adjective	a2
mobile	noun	a2
mobility	noun	c1
mobilize	verb	c1
mode	noun	b2
model	noun	a1
model	verb	b2
moderate	adjective	c1
modern	adjective	a1
modest	adjective	b2
modification	noun	c1
modify	verb	b2
moment	noun	a1
momentum	noun	c1
Monday	noun	a1
money	noun	a1
monitor	noun	b2
monitor	verb	b2
monk	noun	c1
monkey	noun	a2
monopoly	noun	c1
monster	noun	b2
month	noun	a1
monthly	adjective	b2
monument	noun	b2
mood	noun	b1
moon	noun	a2
moral	adjective	b2
moral	noun	b2
morality	noun	c1
more	determiner	a1
more	pronoun	a1
more	adverb	a1
moreover	adverb	b2
morning	noun	a1
mortgage	noun	b2
mosque	noun	b2
most	determiner	a1
most	pronoun	a1
most	adverb	a1
mostly	adverb	a2
mother	noun	a1
motion	noun	b2
motivate	verb	b2
motivation	noun	b2
motive	noun	c1
motor	adjective	b2
motor	noun	b2
motorcycle	noun	a2
motorist	noun	c1
mount	verb	b2
mountain	noun	a1
mouse	noun	a1
mouth	noun	a1
move	noun	b1
move	verb	a1
movement	noun	a2
movie	noun	a1
moving	adjective	b2
much	determiner	a1
much	pronoun	a1
much	adverb	a1
mud	noun	b1
multiple	adjective	b2
multiply	verb	b2
mum	noun	a1
municipal	adjective	c1
murder	noun	b1
murder	verb	b1
muscle	noun	b1
museum	noun	a1
music	noun	a1
musical	adjective	a2
musical	noun	b1
musician	noun	a2
must	modal verb	a1
mutual	adjective	c1
my	determiner	a1
myself	pronoun	a2
mysterious	adjective	b2
mystery	noun	b1
myth	noun	b2
nail	noun	b1
naked	adjective	b2
name	noun	a1
name	verb	a1
namely	adverb	c1
narrative	adjective	b1
narrative	noun	b1
narrow	adjective	a2
narrow	verb	b2
nasty	adjective	b2
nation	noun	b1
national	adjective	a2
national	noun	b2
nationwide	adjective	c1
native	adjective	b1
native	noun	b1
natural	adjective	a1
naturally	adverb	b1
nature	noun	a2
naval	adjective	c1
navigation	noun	b2
near	preposition	a1
near	adjective	a1
near	adverb	a1
nearby	adjective	b2
nearby	adverb	b2
nearly	adverb	a2
neat	adjective	b2
necessarily	adverb	b1
necessary	adjective	a2
necessity	noun	b2
neck	noun	a2
need	modal verb	b1
need	noun	a2
need	verb	a1
needle	noun	b1
negative	adjective	a1
negative	noun	b2
neglect	verb	c1
negotiate	verb	b2
negotiation	noun	b2
neighbour	noun	a1
neighbourhood	noun	b1
neighbouring	adjective	c1
neither	determiner	a2
neither	pronoun	a2
neither	adverb	b1
nerve	noun	b2
nervous	adjective	a2
nest	noun	c1
net	adjective	c1
net	noun	b1
network	noun	a2
neutral	adjective	b2
never	adverb	a1
nevertheless	adverb	b2
new	adjective	a1
newly	adverb	b2
news	noun	a1
newsletter	noun	c1
newspaper	noun	a1
next	adjective	a1
next	noun	b1
next	adverb	a1
next to	preposition	a1
nice	adjective	a1
niche	noun	c1
night	noun	a1
nightmare	noun	b2
nine	number	a1
nineteen	number	a1
ninety	number	a1
no	determiner	a1
no	exclamation	a1
no one	pronoun	a1
noble	adjective	c1
nobody	pronoun	a1
nod	verb	c1
noise	noun	a2
noisy	adjective	a2
nominate	verb	c1
nomination	noun	c1
nominee	noun	c1
non-profit	adjective	c1
none	pronoun	a2
nonetheless	adverb	c1
nonsense	noun	c1
noon	noun	c1
nor	conjunction	b1
nor	adverb	b1
norm	noun	b2
normal	adjective	a2
normal	noun	b1
normally	adverb	a2
north	adjective	a1
north	noun	a1
north	adverb	a1
northern	adjective	b1
nose	noun	a1
not	adverb	a1
notable	adjective	c1
notably	adverb	c1
note	noun	a1
note	verb	b1
notebook	noun	b2
nothing	pronoun	a1
notice	noun	a2
notice	verb	a2
notify	verb	c1
notion	noun	b2
notorious	adjective	c1
novel	adjective	c1
novel	noun	a2
novelist	noun	b2
November	noun	a1
now	conjunction	b1
now	adverb	a1
nowadays	adverb	b2
nowhere	adverb	a2
nuclear	adjective	b1
number	noun	a1
number	verb	a2
numerous	adjective	b2
nurse	noun	a1
nursery	noun	c1
nursing	noun	b2
nut	noun	a2
nutrition	noun	b2
o'clock	adverb	a1
obesity	noun	b2
obey	verb	b2
object	noun	a1
object	verb	b2
objection	noun	c1
objective	adjective	b2
objective	noun	b2
obligation	noun	b2
oblige	verb	c1
observation	noun	b2
observe	verb	b2
observer	noun	b2
obsess	verb	c1
obsession	noun	c1
obstacle	noun	b2
obtain	verb	b2
obvious	adjective	b1
obviously	adverb	b1
occasion	noun	b1
occasional	adjective	c1
occasionally	adverb	b2
occupation	noun	b2
occupy	verb	b2
occur	verb	b1
occurrence	noun	c1
ocean	noun	a2
October	noun	a1
odd	adjective	b1
odds	noun	c1
of	preposition	a1
off	preposition	a1
off	adverb	a1
offence	noun	b2
offend	verb	b2
offender	noun	b2
offensive	adjective	b2
offer	noun	a2
offer	verb	a2
offering	noun	c1
office	noun	a1
officer	noun	a2
official	adjective	b1
official	noun	b2
offspring	noun	c1
often	adverb	a1
oh	exclamation	a1
oil	noun	a2
OK	adjective	a1
OK	adverb	a1
OK	exclamation	a1
old	adjective	a1
old-fashioned	adjective	b1
on	preposition	a1
on	adverb	a1
once	conjunction	b1
once	adverb	a1
one	number	a1
one	determiner	a1
one	pronoun	a1
ongoing	adjective	b2
onion	noun	a1
online	adjective	a1
online	adverb	a1
only	adjective	a1
only	adverb	a1
onto	preposition	a2
open	adjective	a1
open	verb	a1
opening	noun	b2
openly	adverb	b2
opera	noun	b2
operate	verb	b2
operation	noun	b1
operational	adjective	c1
operator	noun	b2
opinion	noun	a1
opponent	noun	b2
opportunity	noun	a2
oppose	verb	b2
opposed	adjective	b2
opposite	preposition	a1
opposite	adjective	a1
opposite	noun	a1
opposite	adverb	a1
opposition	noun	b2
opt	verb	c1
optical	adjective	c1
optimism	noun	c1
optimistic	adjective	b2
option	noun	a2
or	conjunction	a1
oral	adjective	c1
orange	adjective	a1
orange	noun	a1
orchestra	noun	b2
order	noun	a1
order	verb	a1
ordinary	adjective	a2
organ	noun	b2
organic	adjective	b2
organization	noun	a2
organizational	adjective	c1
organize	verb	a2
organized	adjective	b1
organizer	noun	b1
orientation	noun	c1
origin	noun	b2
original	adjective	a2
original	noun	b1
originally	adverb	b1
originate	verb	c1
other	adjective	a1
other	pronoun	a1
otherwise	adverb	b2
ought	modal verb	b1
our	determiner	a1
ours	pronoun	b1
ourselves	pronoun	a2
out	preposition	a1
out	adverb	a1
outbreak	noun	c1
outcome	noun	b2
outdoor	adjective	b1
outdoors	adverb	b1
outer	adjective	b2
outfit	noun	b2
outing	noun	c1
outlet	noun	c1
outline	noun	b2
outline	verb	b2
outlook	noun	c1
output	noun	b2
outrage	noun	c1
outside	preposition	a2
outside	adjective	a2
outside	noun	a2
outside	adverb	a1
outsider	noun	c1
outstanding	adjective	b2
oven	noun	a2
over	preposition	a1
over	adverb	a1
overall	adjective	b2
overall	adverb	b2
overcome	verb	b2
overlook	verb	c1
overly	adverb	c1
overnight	adverb	b2
overseas	adjective	b2
overseas	adverb	b2
oversee	verb	c1
overturn	verb	c1
overwhelm	verb	c1
overwhelming	adjective	c1
owe	verb	b2
own	adjective	a1
own	pronoun	a1
own	verb	a2
owner	noun	a2
ownership	noun	b2
oxygen	noun	b2
pace	noun	b2
pace	verb	b2
pack	noun	b1
pack	verb	a2
package	noun	b1
package	verb	b2
packet	noun	b2
pad	noun	c1
page	noun	a1
pain	noun	a2
painful	adjective	b1
paint	noun	a1
paint	verb	a1
painter	noun	a2
painting	noun	a1
pair	noun	a1
palace	noun	a2
pale	adjective	b1
palm	noun	b2
pan	noun	b1
panel	noun	b2
panic	noun	b2
pants	noun	a2
paper	noun	a1
parade	noun	b2
paragraph	noun	a1
parallel	adjective	b2
parallel	noun	b2
parameter	noun	c1
parent	noun	a1
parental	adjective	c1
parish	noun	c1
park	noun	a1
park	verb	a1
parking	noun	a2
parliament	noun	b2
parliamentary	adjective	c1
part	noun	a1
part-time	adjective	b2
partial	adjective	c1
partially	adverb	c1
participant	noun	b2
participate	verb	b1
participation	noun	b2
particular	adjective	a2
particularly	adverb	b1
partly	adverb	b2
partner	noun	a1
partnership	noun	b2
party	noun	a1
pass	noun	b1
pass	verb	a2
passage	noun	b2
passenger	noun	a2
passing	noun	c1
passion	noun	b1
passionate	adjective	b2
passive	adjective	c1
passport	noun	a1
password	noun	b2
past	preposition	a1
past	adjective	a1
past	noun	a1
past	adverb	a2
pastor	noun	c1
patch	noun	c1
patent	noun	c1
path	noun	b1
pathway	noun	c1
patience	noun	b2
patient	adjective	b2
patient	noun	a2
patrol	noun	c1
patron	noun	c1
pattern	noun	a2
pause	verb	b2
pay	noun	a2
pay	verb	a1
payment	noun	b1
peace	noun	a2
peaceful	adjective	b1
peak	noun	c1
peasant	noun	c1
peculiar	adjective	c1
peer	noun	b2
pen	noun	a1
penalty	noun	b2
pencil	noun	a1
penny	noun	a2
pension	noun	b2
people	noun	a1
pepper	noun	a1
per	preposition	a2
per cent	noun	a2
per cent	adverb	a2
per cent	adjective	a2
perceive	verb	b2
percentage	noun	b1
perception	noun	b2
perfect	adjective	a1
perfectly	adverb	b1
perform	verb	a2
performance	noun	b1
perhaps	adverb	a2
period	noun	a1
permanent	adjective	b2
permanently	adverb	b2
permission	noun	a2
permit	noun	b2
permit	verb	b2
persist	verb	c1
persistent	adjective	c1
person	noun	a1
personal	adjective	a1
personality	noun	a2
personally	adverb	b1
personnel	noun	c1
perspective	noun	b2
persuade	verb	b1
pet	noun	a2
petition	noun	c1
petrol	noun	a2
phase	noun	b2
phenomenon	noun	b2
philosopher	noun	c1
philosophical	adjective	c1
philosophy	noun	b2
phone	noun	a1
phone	verb	a1
photo	noun	a1
photograph	noun	a1
photograph	verb	a2
photographer	noun	b1
photography	noun	b1
phrase	noun	a1
physical	adjective	a2
physician	noun	c1
physics	noun	a2
piano	noun	a1
pick	noun	b2
pick	verb	a2
picture	noun	a1
picture	verb	b2
piece	noun	a1
pig	noun	a1
pile	noun	b2
pile	verb	b2
pill	noun	b2
pilot	noun	a2
pin	noun	b1
pin	verb	b1
pink	adjective	a1
pink	noun	a1
pioneer	noun	c1
pioneer	verb	c1
pipe	noun	b1
pipeline	noun	c1
pirate	noun	c1
pit	noun	c1
pitch	noun	b2
pity	noun	b2
place	noun	a1
place	verb	b1
placement	noun	b2
plain	adjective	b2
plan	noun	a1
plan	verb	a1
plane	noun	a1
planet	noun	a2
planning	noun	b1
plant	noun	a1
plant	verb	a2
plastic	adjective	a2
plastic	noun	a2
plate	noun	a2
platform	noun	a2
play	noun	a1
play	verb	a1
player	noun	a1
plea	noun	c1
plead	verb	c1
pleasant	adjective	b1
please	verb	a2
please	exclamation	a1
pleased	adjective	a2
pleasure	noun	b1
pledge	noun	c1
pledge	verb	c1
plenty	pronoun	b1
plot	noun	b1
plot	verb	b2
plug	noun	c1
plug	verb	c1
plunge	verb	c1
plus	conjunction	b2
plus	preposition	b1
plus	adjective	b2
plus	noun	b2
pocket	noun	a2
poem	noun	b1
poet	noun	b1
poetry	noun	b1
point	noun	a1
point	verb	b1
pointed	adjective	b2
poison	noun	b1
poison	verb	b1
poisonous	adjective	b1
pole	noun	c1
police	noun	a1
policeman	noun	a1
policy	noun	b1
polite	adjective	a2
political	adjective	b1
politician	noun	b1
politics	noun	b1
poll	noun	c1
pollution	noun	a2
pond	noun	c1
pool	noun	a1
poor	adjective	a1
pop	adjective	a2
pop	noun	a2
pop	verb	c1
popular	adjective	a1
popularity	noun	b2
population	noun	a2
port	noun	b1
portfolio	noun	c1
portion	noun	b2
portrait	noun	b1
portray	verb	c1
pose	verb	b2
position	noun	a2
position	verb	b2
positive	adjective	a1
positive	noun	b2
possess	verb	b2
possession	noun	a2
possibility	noun	a2
possible	adjective	a1
possibly	adverb	b1
post	noun	a1
post	verb	a1
post-war	adjective	c1
poster	noun	a2
postpone	verb	c1
pot	noun	b1
potato	noun	a1
potential	adjective	b2
potential	noun	b2
potentially	adverb	b2
pound	noun	a1
pour	verb	b1
poverty	noun	b1
powder	noun	b1
power	noun	a2
power	verb	b2
powerful	adjective	b1
practical	adjective	b1
practice	noun	a1
practise	verb	a1
practitioner	noun	c1
praise	noun	b2
praise	verb	b2
pray	verb	b1
prayer	noun	b1
preach	verb	c1
precede	verb	b2
precedent	noun	c1
precious	adjective	b2
precise	adjective	b2
precisely	adverb	b2
precision	noun	c1
predator	noun	c1
predecessor	noun	c1
predict	verb	a2
predictable	adjective	b2
prediction	noun	b1
predominantly	adverb	c1
prefer	verb	a1
preference	noun	b2
pregnancy	noun	c1
pregnant	adjective	b2
prejudice	noun	c1
preliminary	adjective	c1
premier	adjective	c1
premise	noun	c1
premium	noun	c1
preparation	noun	b2
prepare	verb	a1
prepared	adjective	b1
prescribe	verb	c1
prescription	noun	c1
presence	noun	b2
present	adjective	a1
present	noun	a1
present	verb	a2
presentation	noun	b1
presently	adverb	c1
preservation	noun	c1
preserve	verb	b2
preside	verb	c1
presidency	noun	c1
president	noun	a2
presidential	adjective	c1
press	noun	b1
press	verb	b1
pressure	noun	b1
prestigious	adjective	c1
presumably	adverb	c1
presume	verb	c1
pretend	verb	b1
pretty	adjective	a1
pretty	adverb	a1
prevail	verb	c1
prevalence	noun	c1
prevent	verb	a2
prevention	noun	c1
previous	adjective	b1
previously	adverb	b1
prey	noun	c1
price	noun	a1
price	verb	b2
pride	noun	b2
priest	noun	b1
primarily	adverb	b2
primary	adjective	b1
prime	adjective	b2
prince	noun	b1
princess	noun	b1
principal	adjective	b2
principal	noun	c1
principle	noun	b2
print	noun	b2
print	verb	a2
printer	noun	a2
printing	noun	b1
prior	adjective	b2
priority	noun	b2
prison	noun	a2
prisoner	noun	b1
privacy	noun	b2
private	adjective	b1
privatization	noun	c1
privilege	noun	c1
prize	noun	a2
probability	noun	b2
probable	adjective	b2
probably	adverb	a1
probe	noun	c1
problem	noun	a1
problematic	adjective	c1
procedure	noun	b2
proceed	verb	b2
proceeding	noun	c1
proceeds	noun	c1
process	noun	a2
process	verb	b2
processing	noun	c1
processor	noun	c1
proclaim	verb	c1
produce	noun	b2
produce	verb	a2
producer	noun	b1
product	noun	a1
production	noun	b1
productive	adjective	c1
productivity	noun	c1
profession	noun	b1
professional	adjective	a2
professional	noun	b2
professor	noun	a2
profile	noun	a2
profit	noun	b1
profitable	adjective	c1
profound	adjective	c1
program	noun	a2
program	verb	b1
programme	noun	a1
programming	noun	b2
progress	noun	a2
progress	verb	b2
progressive	adjective	b2
prohibit	verb	b2
project	noun	a1
project	verb	b2
projection	noun	c1
prominent	adjective	c1
promise	noun	a2
promise	verb	a2
promising	adjective	b2
promote	verb	b1
promotion	noun	b2
prompt	verb	b2
pronounce	verb	a2
pronounced	adjective	c1
proof	noun	b2
propaganda	noun	c1
proper	adjective	b1
properly	adverb	b1
property	noun	b1
proportion	noun	b2
proposal	noun	b2
propose	verb	b2
proposition	noun	c1
prosecute	verb	c1
prosecution	noun	c1
prosecutor	noun	c1
prospect	noun	b2
prospective	adjective	c1
prosperity	noun	c1
protect	verb	a2
protection	noun	b2
protective	adjective	c1
protein	noun	b2
protest	noun	b1
protest	verb	b1
protester	noun	b2
protocol	noun	c1
proud	adjective	b1
prove	verb	b1
provide	verb	a2
province	noun	c1
provincial	adjective	c1
provision	noun	c1
provoke	verb	c1
psychiatric	adjective	c1
psychological	adjective	b2
psychologist	noun	b2
psychology	noun	b2
pub	noun	a2
public	adjective	a2
public	noun	a2
publication	noun	b2
publicity	noun	b2
publish	verb	a2
publishing	noun	b2
pull	noun	b1
pull	verb	a2
pulse	noun	c1
pump	noun	c1
pump	verb	c1
punch	noun	c1
punch	verb	c1
punish	verb	b1
punishment	noun	b1
punk	noun	b2
pupil	noun	b2
purchase	noun	b2
purchase	verb	b2
pure	adjective	b2
purely	adverb	b2
purple	adjective	a1
purple	noun	a1
purpose	noun	a2
pursue	verb	b2
pursuit	noun	b2
push	noun	b1
push	verb	a2
put	verb	a1
puzzle	noun	b2
qualification	noun	b1
qualified	adjective	b1
qualify	verb	b1
quality	noun	a2
quantity	noun	a2
quarter	noun	a1
queen	noun	a2
query	noun	c1
quest	noun	c1
question	noun	a1
question	verb	a2
questionnaire	noun	b2
queue	noun	b1
queue	verb	b1
quick	adjective	a1
quickly	adverb	a1
quiet	adjective	a1
quietly	adverb	a2
quit	verb	b1
quite	adverb	a1
quota	noun	c1
quotation	noun	b1
quote	noun	b1
quote	verb	b1
race	noun	a2
race	verb	a2
racial	adjective	b2
racing	noun	b1
racism	noun	b2
racist	adjective	b2
racist	noun	b2
radar	noun	c1
radiation	noun	b2
radical	adjective	c1
radio	noun	a1
rage	noun	c1
raid	noun	c1
rail	noun	b2
railway	noun	a2
rain	noun	a1
rain	verb	a1
raise	verb	a2
rally	noun	c1
rally	verb	c1
random	adjective	b2
range	noun	b1
range	verb	b2
rank	noun	b2
rank	verb	b2
ranking	noun	c1
rape	noun	c1
rape	verb	c1
rapid	adjective	b2
rapidly	adverb	b2
rare	adjective	b1
rarely	adverb	b1
rat	noun	b2
rate	noun	a2
rate	verb	b2
rather	adverb	a2
rating	noun	b2
ratio	noun	c1
rational	adjective	c1
raw	adjective	b2
ray	noun	c1
reach	noun	b2
reach	verb	a2
react	verb	a2
reaction	noun	b1
read	verb	a1
reader	noun	a1
readily	adverb	c1
reading	noun	a1
ready	adjective	a1
real	adjective	a1
realistic	adjective	b2
reality	noun	b1
realization	noun	c1
realize	verb	a2
really	adverb	a1
realm	noun	c1
rear	adjective	c1
reason	noun	a1
reasonable	adjective	b2
reasonably	adverb	b2
reasoning	noun	c1
reassure	verb	c1
rebel	noun	c1
rebellion	noun	c1
rebuild	verb	b2
recall	verb	b2
receipt	noun	b1
receive	verb	a2
receiver	noun	b2
recent	adjective	a2
recently	adverb	a2
reception	noun	a2
recession	noun	b2
recipe	noun	a2
recipient	noun	c1
reckon	verb	b2
recognition	noun	b2
recognize	verb	a2
recommend	verb	a2
recommendation	noun	b1
reconstruction	noun	c1
record	noun	a2
record	verb	a2
recording	noun	a2
recount	verb	c1
recover	verb	b2
recovery	noun	b2
recruit	verb	b2
recruitment	noun	b2
recycle	verb	a2
red	adjective	a1
red	noun	a1
reduce	verb	a2
reduction	noun	b2
refer	verb	a2
referee	noun	b2
reference	noun	b1
referendum	noun	c1
reflect	verb	b1
reflection	noun	c1
reform	noun	c1
reform	verb	c1
refuge	noun	c1
refugee	noun	b2
refusal	noun	c1
refuse	verb	a2
regain	verb	c1
regard	noun	b2
regard	verb	b2
regardless	adverb	c1
regime	noun	c1
region	noun	a2
regional	adjective	b2
register	noun	b2
register	verb	b2
registration	noun	b2
regret	noun	b2
regret	verb	b2
regular	adjective	a2
regularly	adverb	b1
regulate	verb	b2
regulation	noun	b2
regulator	noun	c1
regulatory	adjective	c1
rehabilitation	noun	c1
reign	noun	c1
reinforce	verb	b2
reject	verb	b1
rejection	noun	c1
relate	verb	b1
related	adjective	b1
relation	noun	b1
relationship	noun	a2
relative	adjective	b1
relative	noun	b1
relatively	adverb	b2
relax	verb	a1
relaxed	adjective	b1
relaxing	adjective	b1
release	noun	b1
release	verb	b1
relevance	noun	c1
relevant	adjective	b2
reliability	noun	c1
reliable	adjective	b1
relief	noun	b2
relieve	verb	b2
relieved	adjective	b2
religion	noun	b1
religious	adjective	b1
reluctant	adjective	c1
rely	verb	b2
remain	verb	b1
remainder	noun	c1
remains	noun	c1
remark	noun	b2
remark	verb	b2
remarkable	adjective	b2
remarkably	adverb	b2
remedy	noun	c1
remember	verb	a1
remind	verb	b1
reminder	noun	c1
remote	adjective	b1
removal	noun	c1
remove	verb	a2
render	verb	c1
renew	verb	c1
renowned	adjective	c1
rent	noun	b1
rent	verb	b1
rental	noun	c1
repair	noun	b1
repair	verb	a2
repeat	noun	b1
repeat	verb	a1
repeated	adjective	b1
replace	verb	a2
replacement	noun	c1
reply	noun	a2
reply	verb	a2
report	noun	a1
report	verb	a2
reportedly	adverb	c1
reporter	noun	a2
reporting	noun	b2
represent	verb	b1
representation	noun	c1
representative	adjective	b2
representative	noun	b2
reproduce	verb	c1
reproduction	noun	c1
republic	noun	c1
reputation	noun	b2
request	noun	a2
request	verb	b1
require	verb	b1
requirement	noun	b2
rescue	noun	b2
rescue	verb	b2
research	noun	a2
research	verb	a2
researcher	noun	a2
resemble	verb	c1
reservation	noun	b1
reserve	noun	b2
reserve	verb	b2
reside	verb	c1
residence	noun	c1
resident	adjective	b2
resident	noun	b2
residential	adjective	c1
residue	noun	c1
resign	verb	b2
resignation	noun	c1
resist	verb	b2
resistance	noun	c1
resolution	noun	b2
resolve	verb	b2
resort	noun	b2
resource	noun	b1
respect	noun	b1
respect	verb	b1
respective	adjective	c1
respectively	adverb	c1
respond	verb	a2
response	noun	a2
responsibility	noun	b1
responsible	adjective	b1
rest	noun	a2
rest	verb	a2
restaurant	noun	a1
restoration	noun	c1
restore	verb	b2
restraint	noun	c1
restrict	verb	b2
restriction	noun	b2
result	noun	a1
result	verb	b1
resume	verb	c1
retail	noun	b2
retain	verb	b2
retire	verb	b1
retired	adjective	b1
retirement	noun	b2
retreat	noun	c1
retreat	verb	c1
retrieve	verb	c1
return	noun	a1
return	verb	a1
reveal	verb	b2
revelation	noun	c1
revenge	noun	c1
revenue	noun	b2
reverse	verb	c1
review	noun	a2
review	verb	a2
revise	verb	b1
revision	noun	b2
revival	noun	c1
revive	verb	c1
revolution	noun	b2
revolutionary	adjective	c1
reward	noun	b2
reward	verb	b2
rhetoric	noun	c1
rhythm	noun	b2
rice	noun	a1
rich	adjective	a1
rid	verb	b2
ride	noun	a2
ride	verb	a1
ridiculous	adjective	b2
rifle	noun	c1
right	adjective	a1
right	noun	a1
right	adverb	a1
ring	noun	a2
ring	verb	a2
riot	noun	c1
rip	verb	c1
rise	noun	b1
rise	verb	a2
risk	noun	b1
risk	verb	b1
risky	adjective	b2
ritual	noun	c1
rival	noun	b2
rival	adjective	b2
river	noun	a1
road	noun	a1
rob	verb	b2
robbery	noun	b2
robot	noun	b1
robust	adjective	c1
rock	noun	a2
rock	verb	c1
rocket	noun	b2
rod	noun	c1
role	noun	a2
roll	noun	b1
roll	verb	b1
romance	noun	b2
romantic	adjective	b1
roof	noun	a2
room	noun	a1
root	noun	b2
rope	noun	b1
rose	noun	b2
rotate	verb	c1
rotation	noun	c1
rough	adjective	b1
roughly	adverb	b2
round	preposition	a2
round	adjective	a2
round	noun	b2
round	adverb	a2
route	noun	a2
routine	adjective	b2
routine	noun	a1
row	noun	b1
royal	adjective	b1
rub	verb	b2
rubber	noun	b2
rubber	adjective	b2
rubbish	noun	a2
rude	adjective	a2
rugby	noun	b1
ruin	noun	b2
ruin	verb	b2
rule	noun	a1
rule	verb	b1
ruling	noun	c1
rumour	noun	c1
run	noun	a2
run	verb	a1
runner	noun	a2
running	noun	a2
rural	adjective	b2
rush	noun	b2
rush	verb	b2
sack	verb	c1
sacred	adjective	c1
sacrifice	noun	c1
sacrifice	verb	c1
sad	adjective	a1
sadly	adverb	a2
safe	adjective	a2
safety	noun	b1
sail	noun	b1
sail	verb	a2
sailing	noun	a2
sailor	noun	b1
saint	noun	c1
sake	noun	c1
salad	noun	a1
salary	noun	a2
sale	noun	a2
salt	noun	a1
same	adjective	a1
same	pronoun	a1
same	adverb	a1
sample	noun	b1
sample	verb	b2
sanction	noun	c1
sand	noun	b1
sandwich	noun	a1
satellite	noun	b2
satisfaction	noun	b2
satisfied	adjective	b2
satisfy	verb	b2
Saturday	noun	a1
sauce	noun	a2
save	verb	a2
saving	noun	b2
say	noun	c1
say	verb	a1
scale	noun	b2
scan	verb	b1
scandal	noun	b2
scare	verb	b2
scared	adjective	a2
scary	adjective	a2
scattered	adjective	c1
scenario	noun	b2
scene	noun	a2
sceptical	adjective	c1
schedule	noun	a2
schedule	verb	b2
scheme	noun	b2
scholar	noun	b2
scholarship	noun	b2
school	noun	a1
science	noun	a1
scientific	adjective	b1
scientist	noun	a1
scope	noun	c1
score	noun	a2
score	verb	a2
scratch	verb	b2
scream	noun	b2
scream	verb	b2
screen	noun	a2
screen	verb	b2
screening	noun	b2
screw	verb	c1
script	noun	b1
scrutiny	noun	c1
sculpture	noun	b1
sea	noun	a1
seal	noun	c1
seal	verb	c1
search	noun	a2
search	verb	a2
season	noun	a2
seat	noun	a2
seat	verb	b2
second	noun	a1
second	adverb	a1
second	determiner	a1
second	number	a1
secondary	adjective	b1
secondly	adverb	a2
secret	adjective	a2
secret	noun	a2
secretary	noun	a2
section	noun	a1
sector	noun	b2
secular	adjective	c1
secure	adjective	b2
secure	verb	b2
security	noun	b1
see	verb	a1
seed	noun	b1
seek	verb	b2
seeker	noun	b2
seem	linking verb	a2
seemingly	adverb	c1
segment	noun	c1
seize	verb	c1
seldom	adverb	c1
select	verb	b2
selection	noun	b2
selective	adjective	c1
self	noun	b2
sell	verb	a1
seminar	noun	b2
senator	noun	c1
send	verb	a1
senior	adjective	b2
sensation	noun	c1
sense	noun	a2
sense	verb	b2
sensible	adjective	b1
sensitive	adjective	b2
sensitivity	noun	c1
sentence	noun	a1
sentence	verb	b2
sentiment	noun	c1
separate	adjective	a2
separate	verb	b1
separation	noun	c1
September	noun	a1
sequence	noun	b2
serial	adjective	c1
series	noun	a2
serious	adjective	a2
seriously	adverb	b1
servant	noun	b1
serve	verb	a2
service	noun	a2
session	noun	b2
set	noun	b1
set	verb	b1
set-up	noun	c1
setting	noun	b1
settle	verb	b2
settlement	noun	c1
settler	noun	b2
seven	number	a1
seventeen	number	a1
seventy	number	a1
several	determiner	a2
several	pronoun	a2
severe	adjective	b2
severely	adverb	b2
sex	noun	b1
sexual	adjective	b1
sexuality	noun	c1
sexy	adjective	b2
shade	noun	b2
shadow	noun	b2
shake	noun	b1
shake	verb	a2
shall	modal verb	a2
shallow	adjective	b2
shame	noun	b2
shape	noun	a2
shape	verb	b2
shaped	adjective	b2
share	noun	b1
share	verb	a1
shareholder	noun	c1
sharp	adjective	b1
shatter	verb	c1
she	pronoun	a1
shed	verb	c1
sheep	noun	a1
sheer	adjective	c1
sheet	noun	a2
shelf	noun	b1
shell	noun	b1
shelter	noun	b2
shelter	verb	b2
shift	noun	b1
shift	verb	b2
shine	verb	b1
shiny	adjective	b1
ship	noun	a2
ship	verb	b2
shipping	noun	c1
shirt	noun	a1
shock	noun	b2
shock	verb	b2
shocked	adjective	b2
shocking	adjective	b2
shoe	noun	a1
shoot	noun	c1
shoot	verb	b1
shooting	noun	b2
shop	noun	a1
shop	verb	a1
shopping	noun	a1
shore	noun	b2
short	adjective	a1
short-term	adjective	b2
shortage	noun	b2
shortly	adverb	b2
shot	noun	b2
should	modal verb	a1
shoulder	noun	a2
shout	noun	a2
shout	verb	a2
show	noun	a1
show	verb	a1
shower	noun	a1
shrink	verb	c1
shrug	verb	c1
shut	verb	a2
shut	adjective	a2
shy	adjective	b1
sibling	noun	b2
sick	adjective	a1
side	noun	a2
sigh	noun	c1
sigh	verb	c1
sight	noun	b1
sign	noun	a2
sign	verb	a2
signal	noun	b1
signal	verb	b1
signature	noun	b2
significance	noun	b2
significant	adjective	b2
significantly	adverb	b2
silence	noun	b2
silent	adjective	b1
silk	noun	b2
silly	adjective	b1
silver	noun	a2
silver	adjective	a2
similar	adjective	a1
similarity	noun	b1
similarly	adverb	b1
simple	adjective	a2
simply	adverb	b1
simulate	verb	c1
simulation	noun	c1
simultaneously	adverb	c1
sin	noun	c1
since	conjunction	a2
since	preposition	a2
since	adverb	b1
sincere	adjective	b2
sing	verb	a1
singer	noun	a1
singing	noun	a2
single	adjective	a2
single	noun	a2
sink	verb	b1
sir	noun	a2
sister	noun	a1
sit	verb	a1
site	noun	a2
situated	adjective	c1
situation	noun	a1
six	number	a1
sixteen	number	a1
sixty	number	a1
size	noun	a2
sketch	noun	c1
ski	noun	a2
ski	verb	a2
ski	adjective	a2
skiing	noun	a2
skill	noun	a1
skilled	adjective	b2
skin	noun	a2
skip	verb	c1
skirt	noun	a1
skull	noun	b2
sky	noun	a2
slam	verb	c1
slap	verb	c1
slash	verb	c1
slave	noun	b2
slavery	noun	c1
sleep	noun	a2
sleep	verb	a1
slice	noun	b1
slice	verb	b1
slide	noun	b2
slide	verb	b2
slight	adjective	b2
slightly	adverb	b1
slip	verb	b2
slogan	noun	b2
slope	noun	b2
slope	verb	b2
slot	noun	c1
slow	adjective	a1
slow	verb	b1
slowly	adverb	a2
small	adjective	a1
smart	adjective	b1
smash	verb	c1
smell	noun	a2
smell	verb	a2
smile	noun	a2
smile	verb	a2
smoke	noun	a2
smoke	verb	a2
smoking	noun	a2
smooth	adjective	b1
snake	noun	a1
snap	verb	c1
snow	noun	a1
snow	verb	a1
so	conjunction	a1
so	adverb	a1
so-called	adjective	b2
soak	verb	c1
soap	noun	a2
soar	verb	c1
soccer	noun	a2
social	adjective	a2
socialist	adjective	c1
society	noun	a2
sock	noun	a2
soft	adjective	a2
software	noun	b1
soil	noun	b1
solar	adjective	b2
soldier	noun	a2
sole	adjective	c1
solely	adverb	c1
solicitor	noun	c1
solid	adjective	b1
solid	noun	b1
solidarity	noun	c1
solo	adjective	c1
solo	noun	c1
solution	noun	a2
solve	verb	a2
some	determiner	a1
some	pronoun	a1
somebody	pronoun	a1
somehow	adverb	b2
someone	pronoun	a1
something	pronoun	a1
sometime	adverb	b2
sometimes	adverb	a1
somewhat	adverb	b2
somewhere	pronoun	a2
somewhere	adverb	a2
son	noun	a1
song	noun	a1
soon	adverb	a1
sophisticated	adjective	b2
sorry	adjective	a1
sorry	exclamation	a1
sort	noun	a2
sort	verb	b1
soul	noun	b2
sound	adjective	c1
sound	noun	a1
sound	verb	a1
soup	noun	a1
source	noun	a2
south	adjective	a1
south	noun	a1
south	adverb	a1
southern	adjective	b1
sovereignty	noun	c1
space	noun	a1
spam	noun	c1
span	verb	c1
spare	adjective	b2
spare	verb	c1
spark	verb	c1
speak	verb	a1
speaker	noun	a2
special	adjective	a1
specialist	adjective	b2
specialist	noun	b2
specialize	verb	b2
specialized	adjective	c1
species	noun	b2
specific	adjective	a2
specifically	adverb	b1
specification	noun	c1
specify	verb	b2
specimen	noun	c1
spectacle	noun	c1
spectacular	adjective	b2
spectator	noun	b2
spectrum	noun	c1
speculate	verb	b2
speculation	noun	b2
speech	noun	a2
speed	noun	a2
speed	verb	b2
spell	noun	c1
spell	verb	a1
spelling	noun	a1
spend	verb	a1
spending	noun	b1
sphere	noun	c1
spicy	adjective	b1
spider	noun	a2
spill	verb	b2
spin	noun	c1
spin	verb	c1
spine	noun	c1
spirit	noun	b1
spiritual	adjective	b2
spite	noun	b2
split	noun	b2
split	verb	b2
spoil	verb	b2
spoken	adjective	b1
spokesman	noun	b2
spokesperson	noun	b2
spokeswoman	noun	b2
sponsor	noun	b2
sponsor	verb	b2
sponsorship	noun	b2
spoon	noun	a2
sport	noun	a1
sporting	adjective	b2
spot	noun	b1
spot	verb	b2
spotlight	noun	c1
spouse	noun	c1
spread	noun	b2
spread	verb	b1
spring	noun	a1
spring	verb	b1
spy	noun	c1
squad	noun	c1
square	adjective	a2
square	noun	a2
squeeze	verb	c1
stab	verb	c1
stability	noun	c1
stabilize	verb	c1
stable	adjective	b2
stadium	noun	b1
staff	noun	b1
stage	noun	a2
stage	verb	b2
stair	noun	a2
stake	noun	c1
stall	noun	b2
stamp	noun	a2
stance	noun	b2
stand	noun	b2
stand	verb	a1
standard	adjective	b1
standard	noun	b1
standing	adjective	c1
star	noun	a1
star	verb	a2
stare	verb	b2
stark	adjective	c1
start	noun	a2
start	verb	a1
starve	verb	b2
state	noun	a2
state	verb	b1
state	adjective	b1
statement	noun	a1
station	noun	a1
statistic	noun	b1
statistical	adjective	c1
statue	noun	b1
status	noun	b2
stay	noun	a2
stay	verb	a1
steadily	adverb	b2
steady	adjective	b2
steal	verb	a2
steam	noun	b2
steel	noun	b2
steep	adjective	b2
steer	verb	c1
stem	noun	c1
stem	verb	c1
step	noun	a2
step	verb	b2
stereotype	noun	c1
stick	noun	b1
stick	verb	b1
sticky	adjective	b2
stiff	adjective	b2
still	adjective	b1
still	adverb	a1
stimulate	verb	b2
stimulus	noun	c1
stir	verb	c1
stock	noun	b2
stomach	noun	a2
stone	noun	a2
stop	noun	a1
stop	verb	a1
storage	noun	c1
store	noun	a2
store	verb	b1
storm	noun	a2
story	noun	a1
straight	adjective	a2
straight	adverb	a2
straightforward	adjective	c1
strain	noun	c1
strand	noun	c1
strange	adjective	a2
stranger	noun	b1
strategic	adjective	c1
strategy	noun	a2
stream	noun	b2
street	noun	a1
strength	noun	b1
strengthen	verb	b2
stress	noun	a2
stress	verb	a2
stretch	noun	b2
stretch	verb	b2
strict	adjective	b2
strictly	adverb	b2
strike	noun	b2
strike	verb	b2
striking	adjective	c1
string	noun	b1
strip	noun	c1
strip	verb	c1
strive	verb	c1
stroke	noun	b2
strong	adjective	a1
strongly	adverb	b1
structural	adjective	c1
structure	noun	a2
structure	verb	b2
struggle	noun	b2
struggle	verb	b2
student	noun	a1
studio	noun	b1
study	noun	a1
study	verb	a1
stuff	noun	b1
stuff	verb	b2
stumble	verb	c1
stun	verb	c1
stunning	adjective	b2
stupid	adjective	a2
style	noun	a1
subject	adjective	b2
subject	noun	a1
submission	noun	c1
submit	verb	b2
subscriber	noun	c1
subscription	noun	c1
subsequent	adjective	b2
subsequently	adverb	b2
subsidy	noun	c1
substance	noun	b1
substantial	adjective	c1
substantially	adverb	c1
substitute	noun	c1
substitute	verb	c1
substitution	noun	c1
subtle	adjective	c1
suburb	noun	b2
suburban	adjective	c1
succeed	verb	a2
success	noun	a1
successful	adjective	a2
successfully	adverb	b1
succession	noun	c1
successive	adjective	c1
successor	noun	c1
such	determiner	a2
such	pronoun	a2
suck	verb	c1
sudden	adjective	b1
suddenly	adverb	a2
sue	verb	c1
suffer	verb	b1
suffering	noun	b2
sufficient	adjective	b2
sufficiently	adverb	b2
sugar	noun	a1
suggest	verb	a2
suggestion	noun	a2
suicide	noun	c1
suit	noun	a2
suit	verb	b1
suitable	adjective	b1
suite	noun	c1
sum	noun	b2
sum	verb	b2
summarize	verb	b1
summary	noun	b1
summer	noun	a1
summit	noun	c1
sun	noun	a1
Sunday	noun	a1
super	adjective	b2
superb	adjective	c1
superior	adjective	c1
supermarket	noun	a1
supervise	verb	c1
supervision	noun	c1
supervisor	noun	c1
supplement	noun	c1
supplement	verb	c1
supply	noun	b1
supply	verb	b1
support	noun	a2
support	verb	a2
supporter	noun	b1
supportive	adjective	c1
suppose	verb	a2
supposedly	adverb	c1
suppress	verb	c1
supreme	adjective	c1
sure	adjective	a1
sure	adverb	a2
surely	adverb	b1
surface	noun	b1
surge	noun	c1
surgeon	noun	b2
surgery	noun	b2
surgical	adjective	c1
surplus	noun	c1
surprise	noun	a2
surprise	verb	a2
surprised	adjective	a2
surprising	adjective	a2
surrender	verb	c1
surround	verb	b2
surrounding	adjective	b2
surveillance	noun	c1
survey	noun	a2
survey	verb	b2
survival	noun	b2
survive	verb	b1
survivor	noun	b2
suspect	noun	b2
suspect	verb	b2
suspend	verb	b2
suspension	noun	c1
suspicion	noun	c1
suspicious	adjective	c1
sustain	verb	c1
sustainable	adjective	b2
swallow	verb	b2
swear	verb	b2
sweater	noun	a1
sweep	verb	b2
sweet	adjective	a2
sweet	noun	a2
swim	noun	b1
swim	verb	a1
swimming	noun	a1
swing	noun	c1
swing	verb	c1
switch	noun	b2
switch	verb	b1
sword	noun	c1
symbol	noun	a2
symbolic	adjective	c1
sympathetic	adjective	b2
sympathy	noun	b2
symptom	noun	b1
syndrome	noun	c1
synthesis	noun	c1
system	noun	a2
systematic	adjective	c1
T-shirt	noun	a1
table	noun	a1
tablet	noun	a2
tackle	noun	c1
tackle	verb	b2
tactic	noun	c1
tactical	adjective	c1
tag	noun	b2
tail	noun	b1
take	verb	a1
tale	noun	b2
talent	noun	b1
talented	adjective	b1
talk	noun	a2
talk	verb	a1
tall	adjective	a1
tank	noun	b2
tap	noun	b2
tap	verb	b2
tape	noun	b1
target	noun	a2
target	verb	b2
task	noun	a2
taste	noun	a2
taste	verb	a2
tax	noun	b1
tax	verb	b1
taxi	noun	a1
taxpayer	noun	c1
tea	noun	a1
teach	verb	a1
teacher	noun	a1
teaching	noun	a2
team	noun	a1
tear	noun	b2
tear	verb	b2
technical	adjective	b1
technique	noun	b1
technological	adjective	b2
technology	noun	a2
teenage	adjective	a2
teenager	noun	a1
teens	noun	b2
telephone	noun	a1
telephone	verb	a1
television	noun	a1
tell	verb	a1
temperature	noun	a2
temple	noun	b2
temporarily	adverb	b2
temporary	adjective	b2
tempt	verb	c1
ten	number	a1
tenant	noun	c1
tend	verb	b1
tendency	noun	b2
tender	adjective	c1
tennis	noun	a1
tension	noun	b2
tent	noun	b1
tenure	noun	c1
term	noun	a2
term	verb	b2
terminal	adjective	c1
terminal	noun	b2
terminate	verb	c1
terms	noun	b2
terrain	noun	c1
terrible	adjective	a1
terribly	adverb	b2
terrific	adjective	c1
terrify	verb	b2
territory	noun	b2
terror	noun	b2
terrorism	noun	b2
terrorist	noun	b2
test	noun	a1
test	verb	a1
testify	verb	c1
testimony	noun	c1
testing	noun	b2
text	noun	a1
textbook	noun	b2
texture	noun	c1
than	conjunction	a1
thank	verb	a1
thankfully	adverb	c1
thanks	noun	a1
thanks	exclamation	a1
that	conjunction	a1
that	determiner	a1
that	pronoun	a1
that	adverb	b1
the	definite article	a1
theatre	noun	a1
theatrical	adjective	c1
theft	noun	b2
their	determiner	a1
theirs	pronoun	b1
them	pronoun	a1
theme	noun	b1
themselves	pronoun	a2
then	adverb	a1
theology	noun	c1
theoretical	adjective	c1
theory	noun	b1
therapist	noun	b2
therapy	noun	b2
there	adverb	a1
thereafter	adverb	c1
thereby	adverb	c1
therefore	adverb	b1
thesis	noun	b2
they	pronoun	a1
thick	adjective	a2
thief	noun	a2
thin	adjective	a2
thing	noun	a1
think	verb	a1
thinking	noun	a2
third	noun	a2
third	ordinal number	a1
thirsty	adjective	a1
thirteen	number	a1
thirty	number	a1
this	determiner	a1
this	pronoun	a1
this	adverb	b1
thorough	adjective	b2
thoroughly	adverb	b2
though	conjunction	b1
though	adverb	b1
thought	noun	a2
thought-provoking	adjective	c1
thoughtful	adjective	c1
thousand	number	a1
thread	noun	c1
threat	noun	b2
threaten	verb	b2
three	number	a1
threshold	noun	c1
thrilled	adjective	c1
thrive	verb	c1
throat	noun	b1
through	preposition	a1
through	adverb	a1
throughout	preposition	b1
throughout	adverb	b1
throw	verb	a2
thumb	noun	b2
Thursday	noun	a1
thus	adverb	b2
ticket	noun	a1
tide	noun	c1
tidy	adjective	a2
tidy	verb	a2
tie	noun	a2
tie	verb	a2
tight	adjective	b1
tighten	verb	c1
till	conjunction	b1
till	preposition	b1
timber	noun	c1
time	noun	a1
time	verb	b2
timely	adjective	c1
timing	noun	b2
tin	noun	b1
tiny	adjective	b1
tip	noun	a2
tip	verb	b1
tired	adjective	a1
tissue	noun	b2
title	noun	a1
title	verb	b2
to	preposition	a1
to	infinitive marker	a1
tobacco	noun	c1
today	noun	a1
today	adverb	a1
toe	noun	b1
together	adverb	a1
toilet	noun	a1
tolerance	noun	c1
tolerate	verb	c1
toll	noun	c1
tomato	noun	a1
tomorrow	noun	a1
tomorrow	adverb	a1
ton	noun	b2
tone	noun	b2
tongue	noun	b1
tonight	noun	a1
tonight	adverb	a1
tonne	noun	b2
too	adverb	a1
tool	noun	a2
tooth	noun	a1
top	adjective	a2
top	noun	a2
top	verb	c1
topic	noun	a1
torture	noun	c1
torture	verb	c1
toss	verb	c1
total	adjective	b1
total	noun	b1
total	verb	c1
totally	adverb	b1
touch	noun	b1
touch	verb	a2
tough	adjective	b2
tour	noun	a2
tour	verb	b1
tourism	noun	a2
tourist	noun	a1
tournament	noun	b2
towards	preposition	a2
towel	noun	a2
tower	noun	a2
town	noun	a1
toxic	adjective	c1
toy	noun	a2
toy	adjective	a2
trace	noun	c1
trace	verb	b2
track	noun	a2
track	verb	b2
trade	noun	b1
trade	verb	b1
trademark	noun	c1
trading	noun	b2
tradition	noun	a2
traditional	adjective	a2
traffic	noun	a1
tragedy	noun	b2
tragic	adjective	b2
trail	noun	c1
trail	verb	c1
trailer	noun	c1
train	noun	a1
train	verb	a2
trainer	noun	a2
training	noun	a2
trait	noun	b2
transaction	noun	c1
transcript	noun	c1
transfer	noun	b2
transfer	verb	b2
transform	verb	b2
transformation	noun	c1
transit	noun	c1
transition	noun	b2
translate	verb	b1
translation	noun	b1
transmission	noun	c1
transmit	verb	b2
transparency	noun	c1
transparent	adjective	c1
transport	noun	a2
transport	verb	b1
transportation	noun	b2
trap	noun	b2
trap	verb	b2
trauma	noun	c1
travel	noun	a1
travel	verb	a1
traveller	noun	a2
treasure	noun	b2
treat	verb	b1
treatment	noun	b1
treaty	noun	c1
tree	noun	a1
tremendous	adjective	c1
trend	noun	b1
trial	noun	b2
tribal	adjective	c1
tribe	noun	b2
tribunal	noun	c1
tribute	noun	c1
trick	noun	b1
trick	verb	b1
trigger	noun	c1
trigger	verb	b2
trillion	number	b2
trio	noun	c1
trip	noun	a1
trip	verb	b2
triumph	noun	c1
troop	noun	b2
trophy	noun	c1
tropical	adjective	b2
trouble	noun	a2
trouble	verb	b2
troubled	adjective	c1
trousers	noun	a1
truck	noun	a2
true	adjective	a1
truly	adverb	b2
trust	noun	b2
trust	verb	b2
trustee	noun	c1
truth	noun	b1
try	noun	b2
try	verb	a1
tsunami	noun	b2
tube	noun	b1
Tuesday	noun	a1
tuition	noun	c1
tune	noun	b2
tunnel	noun	b2
turn	noun	a1
turn	verb	a1
turnout	noun	c1
turnover	noun	c1
TV	noun	a1
twelve	number	a1
twenty	number	a1
twice	adverb	a1
twin	adjective	a2
twin	noun	a2
twist	noun	c1
twist	verb	c1
two	number	a1
type	noun	a1
type	verb	b1
typical	adjective	a2
typically	adverb	b1
tyre	noun	b1
ugly	adjective	b1
ultimate	adjective	b2
ultimately	adverb	b2
umbrella	noun	a1
unable	adjective	b1
unacceptable	adjective	b2
uncertainty	noun	b2
uncle	noun	a1
uncomfortable	adjective	b1
unconscious	adjective	b2
under	preposition	a1
under	adverb	a1
undergo	verb	b2
undergraduate	noun	c1
underground	adjective	a2
underground	adverb	a2
underlying	adjective	c1
undermine	verb	c1
understand	verb	a1
understanding	noun	a2
undertake	verb	b2
underwear	noun	b1
undoubtedly	adverb	c1
unemployed	adjective	b1
unemployment	noun	b1
unexpected	adjective	b2
unfair	adjective	b1
unfold	verb	b2
unfortunate	adjective	b2
unfortunately	adverb	a2
unhappy	adjective	a2
uniform	noun	a2
unify	verb	c1
union	noun	b1
unique	adjective	b2
unit	noun	a2
unite	verb	b2
united	adjective	a2
unity	noun	b2
universal	adjective	b2
universe	noun	b2
university	noun	a1
unknown	adjective	b2
unless	conjunction	b1
unlike	preposition	b1
unlikely	adjective	b1
unnecessary	adjective	b1
unpleasant	adjective	b1
unprecedented	adjective	c1
until	conjunction	a1
until	preposition	a1
unusual	adjective	a2
unveil	verb	c1
up	preposition	a1
up	adverb	a1
upcoming	adjective	c1
update	noun	b1
update	verb	b1
upgrade	noun	c1
upgrade	verb	c1
uphold	verb	c1
upon	preposition	b1
upper	adjective	b2
upset	adjective	b1
upset	verb	b1
upstairs	adjective	a2
upstairs	adverb	a1
upwards	adverb	b2
urban	adjective	b2
urge	verb	b2
urgent	adjective	b2
us	pronoun	a1
usage	noun	b2
use	noun	a2
use	verb	a1
used	adjective	b1
used to	modal verb	a2
useful	adjective	a1
useless	adjective	b2
user	noun	a2
usual	adjective	a2
usually	adverb	a1
utility	noun	c1
utilize	verb	c1
utterly	adverb	c1
vacation	noun	a1
vacuum	noun	c1
vague	adjective	c1
valid	adjective	b2
validity	noun	c1
valley	noun	a2
valuable	adjective	b1
value	noun	b1
value	verb	b2
van	noun	a2
vanish	verb	c1
variable	adjective	c1
variable	noun	c1
variation	noun	b2
varied	adjective	c1
variety	noun	a2
various	adjective	b1
vary	verb	b2
vast	adjective	b2
vegetable	noun	a1
vehicle	noun	a2
vein	noun	c1
venture	noun	c1
venture	verb	c1
venue	noun	b2
verbal	adjective	c1
verdict	noun	c1
verify	verb	c1
verse	noun	c1
version	noun	b1
versus	preposition	c1
vertical	adjective	b2
very	adjective	b2
very	adverb	a1
vessel	noun	c1
veteran	noun	c1
via	preposition	b2
viable	adjective	c1
vibrant	adjective	c1
vice	noun	c1
vicious	adjective	c1
victim	noun	b1
victory	noun	b2
video	noun	a1
view	noun	a2
view	verb	b1
viewer	noun	b1
viewpoint	noun	b2
village	noun	a1
villager	noun	c1
violate	verb	c1
violation	noun	c1
violence	noun	b2
violent	adjective	b1
virtual	adjective	b2
virtue	noun	c1
virus	noun	a2
visa	noun	b2
visible	adjective	b2
vision	noun	b2
visit	noun	a1
visit	verb	a1
visitor	noun	a1
visual	adjective	b2
vital	adjective	b2
vitamin	noun	b2
vocal	adjective	c1
voice	noun	a2
volume	noun	b2
voluntary	adjective	b2
volunteer	noun	b1
volunteer	verb	b1
vote	noun	b1
vote	verb	b1
voting	noun	b2
vow	verb	c1
vulnerability	noun	c1
vulnerable	adjective	c1
wage	noun	b2
wait	noun	a2
wait	verb	a1
waiter	noun	a1
wake	verb	a1
walk	noun	a1
walk	verb	a1
wall	noun	a1
wander	verb	b2
want	verb	a1
war	noun	a2
ward	noun	c1
warehouse	noun	c1
warfare	noun	c1
warm	adjective	a1
warm	verb	b1
warming	noun	b2
warn	verb	b1
warning	noun	b1
warrant	noun	c1
warrant	verb	c1
warrior	noun	c1
wash	noun	a2
wash	verb	a1
washing	noun	a2
waste	adjective	b1
waste	noun	b1
waste	verb	b1
watch	noun	a1
watch	verb	a1
water	noun	a1
water	verb	b1
wave	noun	a2
wave	verb	b1
way	noun	a1
way	adverb	b2
we	pronoun	a1
weak	adjective	a2
weaken	verb	c1
weakness	noun	b2
wealth	noun	b2
wealthy	adjective	b2
weapon	noun	b1
wear	verb	a1
weather	noun	a1
weave	verb	c1
web	noun	a2
website	noun	a1
wedding	noun	a2
Wednesday	noun	a1
weed	noun	c1
week	noun	a1
weekend	noun	a1
weekly	adjective	b2
weigh	verb	b1
weight	noun	a2
weird	adjective	b2
welcome	adjective	a1
welcome	noun	a2
welcome	exclamation	a1
welcome	verb	a1
welfare	noun	b2
well	adjective	a1
well	noun	c1
well	adverb	a1
well	exclamation	a1
well-being	noun	c1
west	adjective	a1
west	noun	a1
west	adverb	a1
western	adjective	b1
wet	adjective	a2
what	determiner	a1
what	pronoun	a1
whatever	determiner	b1
whatever	pronoun	b1
whatsoever	adverb	c1
wheat	noun	b2
wheel	noun	a2
when	conjunction	a1
when	adverb	a1
when	pronoun	a1
whenever	conjunction	b1
where	adverb	a1
where	conjunction	a1
whereas	conjunction	b2
whereby	adverb	c1
wherever	conjunction	b2
whether	conjunction	b1
which	determiner	a1
which	pronoun	a1
while	conjunction	a2
while	noun	b1
whilst	conjunction	b2
whip	verb	c1
whisper	noun	b2
whisper	verb	b2
white	adjective	a1
white	noun	a1
who	pronoun	a1
whoever	pronoun	b2
whole	adjective	a2
whole	noun	b1
wholly	adverb	c1
whom	pronoun	b2
whose	determiner	a2
whose	pronoun	a2
why	adverb	a1
wide	adjective	a2
widely	adverb	b2
widen	verb	c1
widespread	adjective	b2
widow	noun	c1
width	noun	c1
wife	noun	a1
wild	adjective	a2
wildlife	noun	b2
will	modal verb	a1
will	noun	b1
willing	adjective	b2
willingness	noun	c1
win	noun	b1
win	verb	a1
wind	noun	a2
wind	verb	b2
window	noun	a1
wine	noun	a1
wing	noun	b1
winner	noun	a2
winter	noun	a1
wipe	verb	c1
wire	noun	b2
wisdom	noun	b2
wise	adjective	b2
wish	noun	a2
wish	verb	a2
wit	noun	c1
with	preposition	a1
withdraw	verb	b2
withdrawal	noun	c1
within	preposition	b1
without	preposition	a1
witness	noun	b2
witness	verb	b2
woman	noun	a1
wonder	noun	b1
wonder	verb	b1
wonderful	adjective	a1
wood	noun	a2
wooden	adjective	a2
wool	noun	b1
word	noun	a1
work	noun	a1
work	verb	a1
worker	noun	a1
workforce	noun	b2
working	adjective	a2
workout	noun	c1
workplace	noun	b2
workshop	noun	b2
world	noun	a1
worldwide	adjective	b1
worldwide	adverb	b1
worm	noun	b2
worried	adjective	a2
worry	noun	b1
worry	verb	a2
worse	adjective	a2
worse	noun	b2
worse	adverb	b1
worship	noun	c1
worship	verb	c1
worst	adjective	a2
worst	noun	b2
worst	adverb	b1
worth	adjective	b1
worth	noun	b2
worthwhile	adjective	c1
worthy	adjective	c1
would	modal verb	a1
wound	noun	b2
wound	verb	b2
wow	exclamation	a2
wrap	verb	b2
wrist	noun	b2
write	verb	a1
writer	noun	a1
writing	noun	a1
written	adjective	b1
wrong	adjective	a1
wrong	noun	b2
wrong	adverb	b1
yard	noun	b1
yeah	exclamation	a1
year	noun	a1
yell	verb	c1
yellow	adjective	a1
yellow	noun	a1
yes	exclamation	a1
yesterday	noun	a1
yesterday	adverb	a1
yet	conjunction	b2
yet	adverb	a2
yield	noun	c1
yield	verb	c1
you	pronoun	a1
young	adjective	a1
young	noun	b1
youngster	noun	c1
your	determiner	a1
yours	pronoun	a2
yourself	pronoun	a1
youth	noun	b1
zero	number	a2
zone	noun	b2
